cycle,state,state_name,election_date,senate_class,dem_name,rep_name,dem_incumbent,rep_incumbent,dem_previous_vote_share,rep_previous_vote_share,dem_fundraising_usd,rep_fundraising_usd,dem_vote_share,rep_vote_share,turnout,winner_party,partisan_lean,incumbency_advantage,economic_index,demographic_turnout_index,historical_turnout_rate,registered_voters,pollster,poll_sample_size,poll_population,poll_sponsor_class,poll_methodology,dem_poll_pct,rep_poll_pct,race_id,dem_option_id,rep_option_id,incumbent_party,previous_dem_share,previous_rep_share,polling_dem_share_base
2014,AK,Alaska,2014-11-04,II,DEM nominee AK 2014,REP nominee AK 2014,False,True,0.3712,0.6288,3961880,3664619,0.3558,0.6442,284062,REP,-9.0,3.5,-0.2,1.4347,0.45,580000,State Panel Polling,850,lv,nonpartisan,mixed,35.16,64.84,US-SEN-AK-2014,US-SEN-AK-2014-D,US-SEN-AK-2014-R,REP,0.3712,0.6288,0.3516
2014,AL,Alabama,2014-11-04,II,DEM nominee AL 2014,REP nominee AL 2014,False,True,0.3,0.7,4192344,2964422,0.3,0.7,1804428,REP,-15.0,3.5,-0.2,0.0167,0.45,3700000,State Panel Polling,850,lv,nonpartisan,mixed,31.42,68.58,US-SEN-AL-2014,US-SEN-AL-2014-D,US-SEN-AL-2014-R,REP,0.3,0.7,0.3142
2014,AR,Arkansas,2014-11-04,II,DEM nominee AR 2014,REP nominee AR 2014,False,True,0.3,0.7,3289745,3497136,0.3,0.7,893396,REP,-15.0,3.5,-0.2,-1.4872,0.45,1900000,State Panel Polling,850,lv,nonpartisan,mixed,31.53,68.47,US-SEN-AR-2014,US-SEN-AR-2014-D,US-SEN-AR-2014-R,REP,0.3,0.7,0.3153
2014,CO,Colorado,2014-11-04,II,DEM nominee CO 2014,REP nominee CO 2014,True,False,0.5037,0.4963,3449574,2721790,0.5184,0.4816,1941887,DEM,4.0,3.5,-0.2,0.8306,0.45,4000000,State Panel Polling,850,lv,nonpartisan,mixed,53.7,46.3,US-SEN-CO-2014,US-SEN-CO-2014-D,US-SEN-CO-2014-R,DEM,0.5037,0.4963,0.537
2014,DE,Delaware,2014-11-04,II,DEM nominee DE 2014,REP nominee DE 2014,True,False,0.5981,0.4019,3416122,3380691,0.6015,0.3985,373872,DEM,12.0,3.5,-0.2,-0.0544,0.45,800000,State Panel Polling,850,lv,nonpartisan,mixed,62.43,37.57,US-SEN-DE-2014,US-SEN-DE-2014-D,US-SEN-DE-2014-R,DEM,0.5981,0.4019,0.6243
2014,GA,Georgia,2014-11-04,II,DEM nominee GA 2014,REP nominee GA 2014,True,False,0.508,0.492,2827728,2944144,0.5013,0.4987,3073095,DEM,-1.0,3.5,-0.2,-1.9462,0.45,7500000,State Panel Polling,850,lv,nonpartisan,mixed,51.07,48.93,US-SEN-GA-2014,US-SEN-GA-2014-D,US-SEN-GA-2014-R,DEM,0.508,0.492,0.5107
2014,IA,Iowa,2014-11-04,II,DEM nominee IA 2014,REP nominee IA 2014,False,True,0.3422,0.6578,3772795,3086434,0.3708,0.6292,1082350,REP,-5.0,3.5,-0.2,-0.4973,0.45,2300000,State Panel Polling,850,lv,nonpartisan,mixed,38.87,61.13,US-SEN-IA-2014,US-SEN-IA-2014-D,US-SEN-IA-2014-R,REP,0.3422,0.6578,0.3887
2014,ID,Idaho,2014-11-04,II,DEM nominee ID 2014,REP nominee ID 2014,False,True,0.3,0.7,4813315,4344658,0.3,0.7,504699,REP,-19.0,3.5,-0.2,0.9375,0.45,1100000,State Panel Polling,850,lv,nonpartisan,mixed,30.0,70.0,US-SEN-ID-2014,US-SEN-ID-2014-D,US-SEN-ID-2014-R,REP,0.3,0.7,0.3
2014,IL,Illinois,2014-11-04,II,DEM nominee IL 2014,REP nominee IL 2014,True,False,0.5938,0.4062,3735050,2563405,0.5826,0.4174,3612518,DEM,9.0,3.5,-0.2,-1.4342,0.45,8500000,State Panel Polling,850,lv,nonpartisan,mixed,56.29,43.71,US-SEN-IL-2014,US-SEN-IL-2014-D,US-SEN-IL-2014-R,DEM,0.5938,0.4062,0.5629
2014,KS,Kansas,2014-11-04,II,DEM nominee KS 2014,REP nominee KS 2014,False,True,0.3631,0.6369,3486086,3282500,0.3429,0.6571,791080,REP,-10.0,3.5,-0.2,1.3622,0.45,1900000,State Panel Polling,850,lv,nonpartisan,mixed,34.08,65.92,US-SEN-KS-2014,US-SEN-KS-2014-D,US-SEN-KS-2014-R,REP,0.3631,0.6369,0.3408
2014,KY,Kentucky,2014-11-04,II,DEM nominee KY 2014,REP nominee KY 2014,False,True,0.3342,0.6658,4603065,3664924,0.3178,0.6822,1486817,REP,-16.0,3.5,-0.2,0.8571,0.45,3500000,State Panel Polling,850,lv,nonpartisan,mixed,30.0,70.0,US-SEN-KY-2014,US-SEN-KY-2014-D,US-SEN-KY-2014-R,REP,0.3342,0.6658,0.3
2014,LA,Louisiana,2014-11-04,II,DEM nominee LA 2014,REP nominee LA 2014,False,True,0.325,0.675,3552690,3477985,0.3435,0.6565,1427081,REP,-12.0,3.5,-0.2,0.522,0.45,3000000,State Panel Polling,850,lv,nonpartisan,mixed,36.47,63.53,US-SEN-LA-2014,US-SEN-LA-2014-D,US-SEN-LA-2014-R,REP,0.325,0.675,0.3647
2014,MA,Massachusetts,2014-11-04,II,DEM nominee MA 2014,REP nominee MA 2014,True,False,0.72,0.28,3396533,3266806,0.72,0.28,2048460,DEM,20.0,3.5,-0.2,-1.1564,0.45,4900000,State Panel Polling,850,lv,nonpartisan,mixed,72.0,28.0,US-SEN-MA-2014,US-SEN-MA-2014-D,US-SEN-MA-2014-R,DEM,0.72,0.28,0.72
2014,ME,Maine,2014-11-04,II,DEM nominee ME 2014,REP nominee ME 2014,False,True,0.4677,0.5323,3501720,2737942,0.4563,0.5437,479507,REP,5.0,3.5,-0.2,0.6849,0.45,1100000,State Panel Polling,850,lv,nonpartisan,mixed,45.45,54.55,US-SEN-ME-2014,US-SEN-ME-2014-D,US-SEN-ME-2014-R,REP,0.4677,0.5323,0.4545
2014,MI,Michigan,2014-11-04,II,DEM nominee MI 2014,REP nominee MI 2014,True,False,0.5077,0.4923,3088237,2905334,0.5189,0.4811,3410230,DEM,1.0,3.5,-0.2,-1.3246,0.45,7700000,State Panel Polling,850,lv,nonpartisan,mixed,50.69,49.31,US-SEN-MI-2014,US-SEN-MI-2014-D,US-SEN-MI-2014-R,DEM,0.5077,0.4923,0.5069
2014,MN,Minnesota,2014-11-04,II,DEM nominee MN 2014,REP nominee MN 2014,True,False,0.5131,0.4869,3573858,3523005,0.5155,0.4845,1617195,DEM,2.0,3.5,-0.2,-1.1337,0.45,3900000,State Panel Polling,850,lv,nonpartisan,mixed,53.8,46.2,US-SEN-MN-2014,US-SEN-MN-2014-D,US-SEN-MN-2014-R,DEM,0.5131,0.4869,0.538
2014,MS,Mississippi,2014-11-04,II,DEM nominee MS 2014,REP nominee MS 2014,False,True,0.3612,0.6388,3541671,3792953,0.3539,0.6461,819976,REP,-10.0,3.5,-0.2,-0.3644,0.45,2000000,State Panel Polling,850,lv,nonpartisan,mixed,33.3,66.7,US-SEN-MS-2014,US-SEN-MS-2014-D,US-SEN-MS-2014-R,REP,0.3612,0.6388,0.333
2014,MT,Montana,2014-11-04,II,DEM nominee MT 2014,REP nominee MT 2014,False,True,0.3139,0.6861,4185799,3128771,0.3,0.7,331324,REP,-11.0,3.5,-0.2,-1.9713,0.45,800000,State Panel Polling,850,lv,nonpartisan,mixed,30.0,70.0,US-SEN-MT-2014,US-SEN-MT-2014-D,US-SEN-MT-2014-R,REP,0.3139,0.6861,0.3
2014,NC,North Carolina,2014-11-04,II,DEM nominee NC 2014,REP nominee NC 2014,True,False,0.4318,0.5682,2715219,3501468,0.4497,0.5503,3613756,REP,-3.0,3.5,-0.2,-1.3644,0.45,7500000,State Panel Polling,850,lv,nonpartisan,mixed,44.84,55.16,US-SEN-NC-2014,US-SEN-NC-2014-D,US-SEN-NC-2014-R,DEM,0.4318,0.5682,0.4484
2014,NE,Nebraska,2014-11-04,II,DEM nominee NE 2014,REP nominee NE 2014,False,True,0.3041,0.6959,3734102,3389192,0.3154,0.6846,630784,REP,-13.0,3.5,-0.2,-0.6232,0.45,1300000,State Panel Polling,850,lv,nonpartisan,mixed,31.9,68.1,US-SEN-NE-2014,US-SEN-NE-2014-D,US-SEN-NE-2014-R,REP,0.3041,0.6959,0.319
2014,NH,New Hampshire,2014-11-04,II,DEM nominee NH 2014,REP nominee NH 2014,True,False,0.5127,0.4873,2877552,2622844,0.5101,0.4899,407128,DEM,1.0,3.5,-0.2,-1.3057,0.45,1000000,State Panel Polling,850,lv,nonpartisan,mixed,48.5,51.5,US-SEN-NH-2014,US-SEN-NH-2014-D,US-SEN-NH-2014-R,DEM,0.5127,0.4873,0.485
2014,NJ,New Jersey,2014-11-04,II,DEM nominee NJ 2014,REP nominee NJ 2014,True,False,0.6205,0.3795,3032584,3335536,0.634,0.366,2644917,DEM,9.0,3.5,-0.2,-1.2389,0.45,6500000,State Panel Polling,850,lv,nonpartisan,mixed,63.38,36.62,US-SEN-NJ-2014,US-SEN-NJ-2014-D,US-SEN-NJ-2014-R,DEM,0.6205,0.3795,0.6338
2014,NM,New Mexico,2014-11-04,II,DEM nominee NM 2014,REP nominee NM 2014,True,False,0.5457,0.4543,3551733,3270547,0.5419,0.4581,683913,DEM,5.0,3.5,-0.2,1.4,0.45,1400000,State Panel Polling,850,lv,nonpartisan,mixed,56.04,43.96,US-SEN-NM-2014,US-SEN-NM-2014-D,US-SEN-NM-2014-R,DEM,0.5457,0.4543,0.5604
2014,OK,Oklahoma,2014-11-04,II,DEM nominee OK 2014,REP nominee OK 2014,False,True,0.3,0.7,3001085,3361004,0.3,0.7,1093134,REP,-20.0,3.5,-0.2,1.941,0.45,2300000,State Panel Polling,850,lv,nonpartisan,mixed,32.63,67.37,US-SEN-OK-2014,US-SEN-OK-2014-D,US-SEN-OK-2014-R,REP,0.3,0.7,0.3263
2014,OR,Oregon,2014-11-04,II,DEM nominee OR 2014,REP nominee OR 2014,True,False,0.5661,0.4339,3593019,3233161,0.5937,0.4063,1347501,DEM,9.0,3.5,-0.2,0.143,0.45,3000000,State Panel Polling,850,lv,nonpartisan,mixed,58.55,41.45,US-SEN-OR-2014,US-SEN-OR-2014-D,US-SEN-OR-2014-R,DEM,0.5661,0.4339,0.5855
2014,RI,Rhode Island,2014-11-04,II,DEM nominee RI 2014,REP nominee RI 2014,True,False,0.6618,0.3382,3458912,3908650,0.6489,0.3511,358156,DEM,14.0,3.5,-0.2,1.3622,0.45,800000,State Panel Polling,850,lv,nonpartisan,mixed,65.34,34.66,US-SEN-RI-2014,US-SEN-RI-2014-D,US-SEN-RI-2014-R,DEM,0.6618,0.3382,0.6534
2014,SC,South Carolina,2014-11-04,II,DEM nominee SC 2014,REP nominee SC 2014,False,True,0.3817,0.6183,3262840,3688760,0.3726,0.6274,1823932,REP,-8.0,3.5,-0.2,-1.6098,0.45,3700000,State Panel Polling,850,lv,nonpartisan,mixed,39.56,60.44,US-SEN-SC-2014,US-SEN-SC-2014-D,US-SEN-SC-2014-R,REP,0.3817,0.6183,0.3956
2014,SD,South Dakota,2014-11-04,II,DEM nominee SD 2014,REP nominee SD 2014,False,True,0.313,0.687,3165786,3108671,0.3092,0.6908,251230,REP,-12.0,3.5,-0.2,0.6876,0.45,600000,State Panel Polling,850,lv,nonpartisan,mixed,30.0,70.0,US-SEN-SD-2014,US-SEN-SD-2014-D,US-SEN-SD-2014-R,REP,0.313,0.687,0.3
2014,TN,Tennessee,2014-11-04,II,DEM nominee TN 2014,REP nominee TN 2014,False,True,0.3301,0.6699,3420554,3899643,0.3251,0.6749,2030542,REP,-13.0,3.5,-0.2,-0.8052,0.45,4500000,State Panel Polling,850,lv,nonpartisan,mixed,33.63,66.37,US-SEN-TN-2014,US-SEN-TN-2014-D,US-SEN-TN-2014-R,REP,0.3301,0.6699,0.3363
2014,TX,Texas,2014-11-04,II,DEM nominee TX 2014,REP nominee TX 2014,False,True,0.4031,0.5969,2653995,2532788,0.3969,0.6031,8029130,REP,-5.0,3.5,-0.2,-0.2054,0.45,17000000,State Panel Polling,850,lv,nonpartisan,mixed,41.72,58.28,US-SEN-TX-2014,US-SEN-TX-2014-D,US-SEN-TX-2014-R,REP,0.4031,0.5969,0.4172
2014,VA,Virginia,2014-11-04,II,DEM nominee VA 2014,REP nominee VA 2014,True,False,0.5499,0.4501,3206002,3539928,0.5221,0.4779,2565649,DEM,3.0,3.5,-0.2,1.1609,0.45,6000000,State Panel Polling,850,lv,nonpartisan,mixed,51.07,48.93,US-SEN-VA-2014,US-SEN-VA-2014-D,US-SEN-VA-2014-R,DEM,0.5499,0.4501,0.5107
2014,WV,West Virginia,2014-11-04,II,DEM nominee WV 2014,REP nominee WV 2014,True,False,0.3103,0.6897,4493398,3290675,0.3,0.7,623481,REP,-25.0,3.5,-0.2,-0.1148,0.45,1300000,State Panel Polling,850,lv,nonpartisan,mixed,30.0,70.0,US-SEN-WV-2014,US-SEN-WV-2014-D,US-SEN-WV-2014-R,DEM,0.3103,0.6897,0.3
2014,WY,Wyoming,2014-11-04,II,DEM nominee WY 2014,REP nominee WY 2014,False,True,0.3,0.7,4525181,5103930,0.3,0.7,122308,REP,-25.0,3.5,-0.2,1.2718,0.45,290000,State Panel Polling,850,lv,nonpartisan,mixed,30.0,70.0,US-SEN-WY-2014,US-SEN-WY-2014-D,US-SEN-WY-2014-R,REP,0.3,0.7,0.3
2016,AK,Alaska,2016-11-08,III,DEM nominee AK 2016,REP nominee AK 2016,False,True,0.3761,0.6239,4020648,3189319,0.3841,0.6159,251067,REP,-9.0,3.5,-0.1,0.3785,0.45,580000,State Panel Polling,850,lv,nonpartisan,mixed,37.67,62.33,US-SEN-AK-2016,US-SEN-AK-2016-D,US-SEN-AK-2016-R,REP,0.3761,0.6239,0.3767
2016,AL,Alabama,2016-11-08,III,DEM nominee AL 2016,REP nominee AL 2016,False,True,0.333,0.667,4065506,3751859,0.3137,0.6863,1712138,REP,-15.0,3.5,-0.1,1.3633,0.45,3700000,State Panel Polling,850,lv,nonpartisan,mixed,30.75,69.25,US-SEN-AL-2016,US-SEN-AL-2016-D,US-SEN-AL-2016-R,REP,0.333,0.667,0.3075
2016,AR,Arkansas,2016-11-08,III,DEM nominee AR 2016,REP nominee AR 2016,False,True,0.3068,0.6932,3853080,3729413,0.3027,0.6973,819320,REP,-15.0,3.5,-0.1,-0.9083,0.45,1900000,State Panel Polling,850,lv,nonpartisan,mixed,32.63,67.37,US-SEN-AR-2016,US-SEN-AR-2016-D,US-SEN-AR-2016-R,REP,0.3068,0.6932,0.3263
2016,AZ,Arizona,2016-11-08,III,DEM nominee AZ 2016,REP nominee AZ 2016,False,True,0.4712,0.5288,2742546,2612819,0.4553,0.5447,1917346,REP,-2.0,3.5,-0.1,1.729,0.45,4500000,State Panel Polling,850,lv,nonpartisan,mixed,47.77,52.23,US-SEN-AZ-2016,US-SEN-AZ-2016-D,US-SEN-AZ-2016-R,REP,0.4712,0.5288,0.4777
2016,CA,California,2016-11-08,III,DEM nominee CA 2016,REP nominee CA 2016,True,False,0.6641,0.3359,4168366,4057341,0.6572,0.3428,10641077,DEM,13.0,3.5,-0.1,-0.4015,0.45,22000000,State Panel Polling,850,lv,nonpartisan,mixed,64.25,35.75,US-SEN-CA-2016,US-SEN-CA-2016-D,US-SEN-CA-2016-R,DEM,0.6641,0.3359,0.6425
2016,CO,Colorado,2016-11-08,III,DEM nominee CO 2016,REP nominee CO 2016,True,False,0.5515,0.4485,2916204,2755111,0.5801,0.4199,1812204,DEM,4.0,3.5,-0.1,0.3129,0.45,4000000,State Panel Polling,850,lv,nonpartisan,mixed,60.11,39.89,US-SEN-CO-2016,US-SEN-CO-2016-D,US-SEN-CO-2016-R,DEM,0.5515,0.4485,0.6011
2016,CT,Connecticut,2016-11-08,III,DEM nominee CT 2016,REP nominee CT 2016,False,True,0.5409,0.4591,3584305,3159460,0.5587,0.4413,1143601,DEM,11.0,3.5,-0.1,-0.7021,0.45,2400000,State Panel Polling,850,lv,nonpartisan,mixed,52.98,47.02,US-SEN-CT-2016,US-SEN-CT-2016-D,US-SEN-CT-2016-R,REP,0.5409,0.4591,0.5298
2016,FL,Florida,2016-11-08,III,DEM nominee FL 2016,REP nominee FL 2016,False,True,0.4362,0.5638,3134904,3615410,0.4268,0.5732,6243341,REP,-3.0,3.5,-0.1,-0.938,0.45,14000000,State Panel Polling,850,lv,nonpartisan,mixed,42.97,57.03,US-SEN-FL-2016,US-SEN-FL-2016-D,US-SEN-FL-2016-R,REP,0.4362,0.5638,0.4297
2016,GA,Georgia,2016-11-08,III,DEM nominee GA 2016,REP nominee GA 2016,False,True,0.4793,0.5207,2580852,2715811,0.4553,0.5447,3330227,REP,-1.0,3.5,-0.1,-0.1403,0.45,7500000,State Panel Polling,850,lv,nonpartisan,mixed,43.47,56.53,US-SEN-GA-2016,US-SEN-GA-2016-D,US-SEN-GA-2016-R,REP,0.4793,0.5207,0.4347
2016,HI,Hawaii,2016-11-08,III,DEM nominee HI 2016,REP nominee HI 2016,True,False,0.7112,0.2888,3388108,4074547,0.72,0.28,356926,DEM,18.0,3.5,-0.1,-1.2424,0.45,850000,State Panel Polling,850,lv,nonpartisan,mixed,72.0,28.0,US-SEN-HI-2016,US-SEN-HI-2016-D,US-SEN-HI-2016-R,DEM,0.7112,0.2888,0.72
2016,IA,Iowa,2016-11-08,III,DEM nominee IA 2016,REP nominee IA 2016,False,True,0.3707,0.6293,3152704,3296651,0.4,0.6,943882,REP,-5.0,3.5,-0.1,0.7285,0.45,2300000,State Panel Polling,850,lv,nonpartisan,mixed,39.25,60.75,US-SEN-IA-2016,US-SEN-IA-2016-D,US-SEN-IA-2016-R,REP,0.3707,0.6293,0.3925
2016,ID,Idaho,2016-11-08,III,DEM nominee ID 2016,REP nominee ID 2016,False,True,0.3,0.7,3950043,4266158,0.3,0.7,450127,REP,-19.0,3.5,-0.1,0.6568,0.45,1100000,State Panel Polling,850,lv,nonpartisan,mixed,30.0,70.0,US-SEN-ID-2016,US-SEN-ID-2016-D,US-SEN-ID-2016-R,REP,0.3,0.7,0.3
2016,IL,Illinois,2016-11-08,III,DEM nominee IL 2016,REP nominee IL 2016,True,False,0.6482,0.3518,3551294,3769452,0.6437,0.3563,4098736,DEM,9.0,3.5,-0.1,0.6135,0.45,8500000,State Panel Polling,850,lv,nonpartisan,mixed,65.63,34.37,US-SEN-IL-2016,US-SEN-IL-2016-D,US-SEN-IL-2016-R,DEM,0.6482,0.3518,0.6563
2016,IN,Indiana,2016-11-08,III,DEM nominee IN 2016,REP nominee IN 2016,False,True,0.3888,0.6112,3069089,3268699,0.367,0.633,2301809,REP,-9.0,3.5,-0.1,0.3415,0.45,4900000,State Panel Polling,850,lv,nonpartisan,mixed,37.13,62.87,US-SEN-IN-2016,US-SEN-IN-2016-D,US-SEN-IN-2016-R,REP,0.3888,0.6112,0.3713
2016,KS,Kansas,2016-11-08,III,DEM nominee KS 2016,REP nominee KS 2016,False,True,0.3199,0.6801,2534137,3027104,0.3427,0.6573,850855,REP,-10.0,3.5,-0.1,0.0845,0.45,1900000,State Panel Polling,850,lv,nonpartisan,mixed,31.37,68.63,US-SEN-KS-2016,US-SEN-KS-2016-D,US-SEN-KS-2016-R,REP,0.3199,0.6801,0.3137
2016,KY,Kentucky,2016-11-08,III,DEM nominee KY 2016,REP nominee KY 2016,False,True,0.3,0.7,3564599,3941778,0.3,0.7,1680201,REP,-16.0,3.5,-0.1,0.1885,0.45,3500000,State Panel Polling,850,lv,nonpartisan,mixed,30.21,69.79,US-SEN-KY-2016,US-SEN-KY-2016-D,US-SEN-KY-2016-R,REP,0.3,0.7,0.3021
2016,LA,Louisiana,2016-11-08,III,DEM nominee LA 2016,REP nominee LA 2016,False,True,0.3024,0.6976,3169622,4000512,0.3321,0.6679,1430140,REP,-12.0,3.5,-0.1,0.8479,0.45,3000000,State Panel Polling,850,lv,nonpartisan,mixed,33.14,66.86,US-SEN-LA-2016,US-SEN-LA-2016-D,US-SEN-LA-2016-R,REP,0.3024,0.6976,0.3314
2016,MD,Maryland,2016-11-08,III,DEM nominee MD 2016,REP nominee MD 2016,True,False,0.6853,0.3147,3225003,4333059,0.713,0.287,2071185,DEM,20.0,3.5,-0.1,1.3449,0.45,4300000,State Panel Polling,850,lv,nonpartisan,mixed,69.11,30.89,US-SEN-MD-2016,US-SEN-MD-2016-D,US-SEN-MD-2016-R,DEM,0.6853,0.3147,0.6911
2016,MO,Missouri,2016-11-08,III,DEM nominee MO 2016,REP nominee MO 2016,False,True,0.3489,0.6511,3140068,4058023,0.3554,0.6446,1821709,REP,-10.0,3.5,-0.1,1.4083,0.45,4400000,State Panel Polling,850,lv,nonpartisan,mixed,33.62,66.38,US-SEN-MO-2016,US-SEN-MO-2016-D,US-SEN-MO-2016-R,REP,0.3489,0.6511,0.3362
2016,NC,North Carolina,2016-11-08,III,DEM nominee NC 2016,REP nominee NC 2016,False,True,0.3732,0.6268,2814358,2705458,0.3906,0.6094,3256533,REP,-3.0,3.5,-0.1,-0.3623,0.45,7500000,State Panel Polling,850,lv,nonpartisan,mixed,38.7,61.3,US-SEN-NC-2016,US-SEN-NC-2016-D,US-SEN-NC-2016-R,REP,0.3732,0.6268,0.387
2016,ND,North Dakota,2016-11-08,III,DEM nominee ND 2016,REP nominee ND 2016,False,True,0.3056,0.6944,3392071,3664594,0.3,0.7,231099,REP,-17.0,3.5,-0.1,-0.7919,0.45,530000,State Panel Polling,850,lv,nonpartisan,mixed,30.0,70.0,US-SEN-ND-2016,US-SEN-ND-2016-D,US-SEN-ND-2016-R,REP,0.3056,0.6944,0.3
2016,NH,New Hampshire,2016-11-08,III,DEM nominee NH 2016,REP nominee NH 2016,False,True,0.425,0.575,3427390,3163863,0.4531,0.5469,468164,REP,1.0,3.5,-0.1,-0.3038,0.45,1000000,State Panel Polling,850,lv,nonpartisan,mixed,43.18,56.82,US-SEN-NH-2016,US-SEN-NH-2016-D,US-SEN-NH-2016-R,REP,0.425,0.575,0.4318
2016,NV,Nevada,2016-11-08,III,DEM nominee NV 2016,REP nominee NV 2016,True,False,0.5633,0.4367,2565062,2985465,0.5502,0.4498,870337,DEM,1.0,3.5,-0.1,1.8241,0.45,2100000,State Panel Polling,850,lv,nonpartisan,mixed,53.86,46.14,US-SEN-NV-2016,US-SEN-NV-2016-D,US-SEN-NV-2016-R,DEM,0.5633,0.4367,0.5386
2016,NY,New York,2016-11-08,III,DEM nominee NY 2016,REP nominee NY 2016,True,False,0.6344,0.3656,4292054,3756857,0.6466,0.3534,5817213,DEM,12.0,3.5,-0.1,-0.1236,0.45,13000000,State Panel Polling,850,lv,nonpartisan,mixed,62.66,37.34,US-SEN-NY-2016,US-SEN-NY-2016-D,US-SEN-NY-2016-R,DEM,0.6344,0.3656,0.6266
2016,OH,Ohio,2016-11-08,III,DEM nominee OH 2016,REP nominee OH 2016,False,True,0.3559,0.6441,3380036,3925538,0.3779,0.6221,3939278,REP,-6.0,3.5,-0.1,-0.4388,0.45,8100000,State Panel Polling,850,lv,nonpartisan,mixed,38.16,61.84,US-SEN-OH-2016,US-SEN-OH-2016-D,US-SEN-OH-2016-R,REP,0.3559,0.6441,0.3816
2016,OK,Oklahoma,2016-11-08,III,DEM nominee OK 2016,REP nominee OK 2016,False,True,0.3,0.7,3543444,2912221,0.3,0.7,955373,REP,-20.0,3.5,-0.1,0.3094,0.45,2300000,State Panel Polling,850,lv,nonpartisan,mixed,30.0,70.0,US-SEN-OK-2016,US-SEN-OK-2016-D,US-SEN-OK-2016-R,REP,0.3,0.7,0.3
2016,OR,Oregon,2016-11-08,III,DEM nominee OR 2016,REP nominee OR 2016,True,False,0.5804,0.4196,3366927,3927192,0.603,0.397,1262342,DEM,9.0,3.5,-0.1,0.5941,0.45,3000000,State Panel Polling,850,lv,nonpartisan,mixed,58.18,41.82,US-SEN-OR-2016,US-SEN-OR-2016-D,US-SEN-OR-2016-R,DEM,0.5804,0.4196,0.5818
2016,PA,Pennsylvania,2016-11-08,III,DEM nominee PA 2016,REP nominee PA 2016,True,False,0.5389,0.4611,2989487,2971089,0.5144,0.4856,4430828,DEM,-1.0,3.5,-0.1,-0.7817,0.45,9000000,State Panel Polling,850,lv,nonpartisan,mixed,51.04,48.96,US-SEN-PA-2016,US-SEN-PA-2016-D,US-SEN-PA-2016-R,DEM,0.5389,0.4611,0.5104
2016,SC,South Carolina,2016-11-08,III,DEM nominee SC 2016,REP nominee SC 2016,False,True,0.4076,0.5924,3965191,2987576,0.4033,0.5967,1695692,REP,-8.0,3.5,-0.1,0.4445,0.45,3700000,State Panel Polling,850,lv,nonpartisan,mixed,38.38,61.62,US-SEN-SC-2016,US-SEN-SC-2016-D,US-SEN-SC-2016-R,REP,0.4076,0.5924,0.3838
2016,SD,South Dakota,2016-11-08,III,DEM nominee SD 2016,REP nominee SD 2016,False,True,0.3525,0.6475,3379770,4157585,0.3384,0.6616,251578,REP,-12.0,3.5,-0.1,-0.9248,0.45,600000,State Panel Polling,850,lv,nonpartisan,mixed,31.58,68.42,US-SEN-SD-2016,US-SEN-SD-2016-D,US-SEN-SD-2016-R,REP,0.3525,0.6475,0.3158
2016,UT,Utah,2016-11-08,III,DEM nominee UT 2016,REP nominee UT 2016,False,True,0.3084,0.6916,3654018,3665547,0.3,0.7,773591,REP,-13.0,3.5,-0.1,1.2738,0.45,1900000,State Panel Polling,850,lv,nonpartisan,mixed,30.0,70.0,US-SEN-UT-2016,US-SEN-UT-2016-D,US-SEN-UT-2016-R,REP,0.3084,0.6916,0.3
2016,VT,Vermont,2016-11-08,III,DEM nominee VT 2016,REP nominee VT 2016,True,False,0.7172,0.2828,2814320,4663485,0.72,0.28,219158,DEM,20.0,3.5,-0.1,-0.3688,0.45,500000,State Panel Polling,850,lv,nonpartisan,mixed,72.0,28.0,US-SEN-VT-2016,US-SEN-VT-2016-D,US-SEN-VT-2016-R,DEM,0.7172,0.2828,0.72
2016,WA,Washington,2016-11-08,III,DEM nominee WA 2016,REP nominee WA 2016,True,False,0.6036,0.3964,3155625,3218624,0.5824,0.4176,2365323,DEM,9.0,3.5,-0.1,0.1296,0.45,5000000,State Panel Polling,850,lv,nonpartisan,mixed,55.65,44.35,US-SEN-WA-2016,US-SEN-WA-2016-D,US-SEN-WA-2016-R,DEM,0.6036,0.3964,0.5565
2016,WI,Wisconsin,2016-11-08,III,DEM nominee WI 2016,REP nominee WI 2016,False,True,0.4736,0.5264,2941631,3062065,0.4478,0.5522,1825301,REP,0.0,3.5,-0.1,1.9377,0.45,4400000,State Panel Polling,850,lv,nonpartisan,mixed,42.03,57.97,US-SEN-WI-2016,US-SEN-WI-2016-D,US-SEN-WI-2016-R,REP,0.4736,0.5264,0.4203
2018,AZ,Arizona,2018-11-06,I,DEM nominee AZ 2018,REP nominee AZ 2018,False,True,0.4872,0.5128,3292147,2968168,0.5049,0.4951,2809313,DEM,-2.0,3.5,0.1,-0.1438,0.62,4500000,State Panel Polling,850,lv,nonpartisan,mixed,51.96,48.04,US-SEN-AZ-2018,US-SEN-AZ-2018-D,US-SEN-AZ-2018-R,REP,0.4872,0.5128,0.5196
2018,CA,California,2018-11-06,I,DEM nominee CA 2018,REP nominee CA 2018,True,False,0.6992,0.3008,4073581,3517517,0.7136,0.2864,14402993,DEM,13.0,3.5,0.1,0.9363,0.62,22000000,State Panel Polling,850,lv,nonpartisan,mixed,71.55,28.45,US-SEN-CA-2018,US-SEN-CA-2018-D,US-SEN-CA-2018-R,DEM,0.6992,0.3008,0.7155
2018,CT,Connecticut,2018-11-06,I,DEM nominee CT 2018,REP nominee CT 2018,True,False,0.6804,0.3196,3489073,3299093,0.6911,0.3089,1456882,DEM,11.0,3.5,0.1,-0.0465,0.62,2400000,State Panel Polling,850,lv,nonpartisan,mixed,68.29,31.71,US-SEN-CT-2018,US-SEN-CT-2018-D,US-SEN-CT-2018-R,DEM,0.6804,0.3196,0.6829
2018,DE,Delaware,2018-11-06,I,DEM nominee DE 2018,REP nominee DE 2018,True,False,0.6786,0.3214,3437265,3780643,0.7009,0.2991,481630,DEM,12.0,3.5,0.1,-0.1253,0.62,800000,State Panel Polling,850,lv,nonpartisan,mixed,67.95,32.05,US-SEN-DE-2018,US-SEN-DE-2018-D,US-SEN-DE-2018-R,DEM,0.6786,0.3214,0.6795
2018,FL,Florida,2018-11-06,I,DEM nominee FL 2018,REP nominee FL 2018,False,True,0.513,0.487,3508367,3099793,0.489,0.511,8480362,REP,-3.0,3.5,0.1,1.9256,0.62,14000000,State Panel Polling,850,lv,nonpartisan,mixed,47.5,52.5,US-SEN-FL-2018,US-SEN-FL-2018-D,US-SEN-FL-2018-R,REP,0.513,0.487,0.475
2018,HI,Hawaii,2018-11-06,I,DEM nominee HI 2018,REP nominee HI 2018,True,False,0.72,0.28,4506830,4065759,0.72,0.28,479909,DEM,18.0,3.5,0.1,0.3312,0.62,850000,State Panel Polling,850,lv,nonpartisan,mixed,72.0,28.0,US-SEN-HI-2018,US-SEN-HI-2018-D,US-SEN-HI-2018-R,DEM,0.72,0.28,0.72
2018,IN,Indiana,2018-11-06,I,DEM nominee IN 2018,REP nominee IN 2018,False,True,0.462,0.538,2699261,3748706,0.4401,0.5599,3296150,REP,-9.0,3.5,0.1,0.9942,0.62,4900000,State Panel Polling,850,lv,nonpartisan,mixed,43.25,56.75,US-SEN-IN-2018,US-SEN-IN-2018-D,US-SEN-IN-2018-R,REP,0.462,0.538,0.4325
2018,MA,Massachusetts,2018-11-06,I,DEM nominee MA 2018,REP nominee MA 2018,True,False,0.72,0.28,3633853,4481638,0.72,0.28,2860331,DEM,20.0,3.5,0.1,-0.1364,0.62,4900000,State Panel Polling,850,lv,nonpartisan,mixed,70.49,29.51,US-SEN-MA-2018,US-SEN-MA-2018-D,US-SEN-MA-2018-R,DEM,0.72,0.28,0.7049
2018,MD,Maryland,2018-11-06,I,DEM nominee MD 2018,REP nominee MD 2018,True,False,0.72,0.28,4215411,4206184,0.72,0.28,2503148,DEM,20.0,3.5,0.1,0.4707,0.62,4300000,State Panel Polling,850,lv,nonpartisan,mixed,70.47,29.53,US-SEN-MD-2018,US-SEN-MD-2018-D,US-SEN-MD-2018-R,DEM,0.72,0.28,0.7047
2018,ME,Maine,2018-11-06,I,DEM nominee ME 2018,REP nominee ME 2018,False,True,0.5227,0.4773,3425982,3079717,0.5396,0.4604,656246,DEM,5.0,3.5,0.1,-0.8555,0.62,1100000,State Panel Polling,850,lv,nonpartisan,mixed,56.07,43.93,US-SEN-ME-2018,US-SEN-ME-2018-D,US-SEN-ME-2018-R,REP,0.5227,0.4773,0.5607
2018,MI,Michigan,2018-11-06,I,DEM nominee MI 2018,REP nominee MI 2018,True,False,0.5724,0.4276,3556666,3317136,0.5769,0.4231,4566842,DEM,1.0,3.5,0.1,1.9936,0.62,7700000,State Panel Polling,850,lv,nonpartisan,mixed,55.88,44.12,US-SEN-MI-2018,US-SEN-MI-2018-D,US-SEN-MI-2018-R,DEM,0.5724,0.4276,0.5588
2018,MN,Minnesota,2018-11-06,I,DEM nominee MN 2018,REP nominee MN 2018,True,False,0.6576,0.3424,3224251,3332394,0.6361,0.3639,2562323,DEM,2.0,3.5,0.1,-0.2283,0.62,3900000,State Panel Polling,850,lv,nonpartisan,mixed,66.39,33.61,US-SEN-MN-2018,US-SEN-MN-2018-D,US-SEN-MN-2018-R,DEM,0.6576,0.3424,0.6639
2018,MO,Missouri,2018-11-06,I,DEM nominee MO 2018,REP nominee MO 2018,False,True,0.4106,0.5894,2777312,3658651,0.4027,0.5973,2662573,REP,-10.0,3.5,0.1,-1.5058,0.62,4400000,State Panel Polling,850,lv,nonpartisan,mixed,38.7,61.3,US-SEN-MO-2018,US-SEN-MO-2018-D,US-SEN-MO-2018-R,REP,0.4106,0.5894,0.387
2018,MS,Mississippi,2018-11-06,I,DEM nominee MS 2018,REP nominee MS 2018,False,True,0.44,0.56,2916177,2962079,0.44,0.56,1273127,REP,-10.0,3.5,0.1,0.9825,0.62,2000000,State Panel Polling,850,lv,nonpartisan,mixed,46.71,53.29,US-SEN-MS-2018,US-SEN-MS-2018-D,US-SEN-MS-2018-R,REP,0.44,0.56,0.4671
2018,MT,Montana,2018-11-06,I,DEM nominee MT 2018,REP nominee MT 2018,False,True,0.4127,0.5873,3813596,3234962,0.4052,0.5948,480362,REP,-11.0,3.5,0.1,-0.7643,0.62,800000,State Panel Polling,850,lv,nonpartisan,mixed,39.48,60.52,US-SEN-MT-2018,US-SEN-MT-2018-D,US-SEN-MT-2018-R,REP,0.4127,0.5873,0.3948
2018,ND,North Dakota,2018-11-06,I,DEM nominee ND 2018,REP nominee ND 2018,False,True,0.3283,0.6717,3038316,2918772,0.3383,0.6617,334840,REP,-17.0,3.5,0.1,1.9337,0.62,530000,State Panel Polling,850,lv,nonpartisan,mixed,31.44,68.56,US-SEN-ND-2018,US-SEN-ND-2018-D,US-SEN-ND-2018-R,REP,0.3283,0.6717,0.3144
2018,NE,Nebraska,2018-11-06,I,DEM nominee NE 2018,REP nominee NE 2018,False,True,0.3742,0.6258,3177136,3746040,0.3907,0.6093,771950,REP,-13.0,3.5,0.1,0.5828,0.62,1300000,State Panel Polling,850,lv,nonpartisan,mixed,39.3,60.7,US-SEN-NE-2018,US-SEN-NE-2018-D,US-SEN-NE-2018-R,REP,0.3742,0.6258,0.393
2018,NJ,New Jersey,2018-11-06,I,DEM nominee NJ 2018,REP nominee NJ 2018,True,False,0.6465,0.3535,3399065,3328674,0.6646,0.3354,3976939,DEM,9.0,3.5,0.1,-0.7247,0.62,6500000,State Panel Polling,850,lv,nonpartisan,mixed,65.24,34.76,US-SEN-NJ-2018,US-SEN-NJ-2018-D,US-SEN-NJ-2018-R,DEM,0.6465,0.3535,0.6524
2018,NM,New Mexico,2018-11-06,I,DEM nominee NM 2018,REP nominee NM 2018,True,False,0.6368,0.3632,2914757,2958029,0.6113,0.3887,821068,DEM,5.0,3.5,0.1,1.8423,0.62,1400000,State Panel Polling,850,lv,nonpartisan,mixed,62.59,37.41,US-SEN-NM-2018,US-SEN-NM-2018-D,US-SEN-NM-2018-R,DEM,0.6368,0.3632,0.6259
2018,NV,Nevada,2018-11-06,I,DEM nominee NV 2018,REP nominee NV 2018,True,False,0.5922,0.4078,3435653,2895318,0.6153,0.3847,1228571,DEM,1.0,3.5,0.1,1.2494,0.62,2100000,State Panel Polling,850,lv,nonpartisan,mixed,62.71,37.29,US-SEN-NV-2018,US-SEN-NV-2018-D,US-SEN-NV-2018-R,DEM,0.5922,0.4078,0.6271
2018,NY,New York,2018-11-06,I,DEM nominee NY 2018,REP nominee NY 2018,True,False,0.6847,0.3153,2988583,3747359,0.6866,0.3134,8628518,DEM,12.0,3.5,0.1,1.5283,0.62,13000000,State Panel Polling,850,lv,nonpartisan,mixed,71.5,28.5,US-SEN-NY-2018,US-SEN-NY-2018-D,US-SEN-NY-2018-R,DEM,0.6847,0.3153,0.715
2018,OH,Ohio,2018-11-06,I,DEM nominee OH 2018,REP nominee OH 2018,False,True,0.4483,0.5517,3315579,2586684,0.4654,0.5346,4686308,REP,-6.0,3.5,0.1,-0.6786,0.62,8100000,State Panel Polling,850,lv,nonpartisan,mixed,47.71,52.29,US-SEN-OH-2018,US-SEN-OH-2018-D,US-SEN-OH-2018-R,REP,0.4483,0.5517,0.4771
2018,PA,Pennsylvania,2018-11-06,I,DEM nominee PA 2018,REP nominee PA 2018,False,True,0.4981,0.5019,2589974,2796813,0.5157,0.4843,5250147,DEM,-1.0,3.5,0.1,-0.8217,0.62,9000000,State Panel Polling,850,lv,nonpartisan,mixed,53.5,46.5,US-SEN-PA-2018,US-SEN-PA-2018-D,US-SEN-PA-2018-R,REP,0.4981,0.5019,0.535
2018,RI,Rhode Island,2018-11-06,I,DEM nominee RI 2018,REP nominee RI 2018,True,False,0.6901,0.3099,3170191,3354010,0.72,0.28,477240,DEM,14.0,3.5,0.1,-0.1386,0.62,800000,State Panel Polling,850,lv,nonpartisan,mixed,69.42,30.58,US-SEN-RI-2018,US-SEN-RI-2018-D,US-SEN-RI-2018-R,DEM,0.6901,0.3099,0.6942
2018,TN,Tennessee,2018-11-06,I,DEM nominee TN 2018,REP nominee TN 2018,False,True,0.4161,0.5839,3896329,4043690,0.4212,0.5788,3067068,REP,-13.0,3.5,0.1,1.395,0.62,4500000,State Panel Polling,850,lv,nonpartisan,mixed,40.56,59.44,US-SEN-TN-2018,US-SEN-TN-2018-D,US-SEN-TN-2018-R,REP,0.4161,0.5839,0.4056
2018,TX,Texas,2018-11-06,I,DEM nominee TX 2018,REP nominee TX 2018,True,False,0.5488,0.4512,2873366,3233373,0.5589,0.4411,11550668,DEM,-5.0,3.5,0.1,1.9476,0.62,17000000,State Panel Polling,850,lv,nonpartisan,mixed,56.12,43.88,US-SEN-TX-2018,US-SEN-TX-2018-D,US-SEN-TX-2018-R,DEM,0.5488,0.4512,0.5612
2018,UT,Utah,2018-11-06,I,DEM nominee UT 2018,REP nominee UT 2018,False,True,0.4058,0.5942,3629048,3528016,0.3808,0.6192,1138992,REP,-13.0,3.5,0.1,-0.2064,0.62,1900000,State Panel Polling,850,lv,nonpartisan,mixed,37.2,62.8,US-SEN-UT-2018,US-SEN-UT-2018-D,US-SEN-UT-2018-R,REP,0.4058,0.5942,0.372
2018,VA,Virginia,2018-11-06,I,DEM nominee VA 2018,REP nominee VA 2018,True,False,0.6256,0.3744,3540474,2674701,0.6223,0.3777,3675895,DEM,3.0,3.5,0.1,-1.0324,0.62,6000000,State Panel Polling,850,lv,nonpartisan,mixed,61.92,38.08,US-SEN-VA-2018,US-SEN-VA-2018-D,US-SEN-VA-2018-R,DEM,0.6256,0.3744,0.6192
2018,VT,Vermont,2018-11-06,I,DEM nominee VT 2018,REP nominee VT 2018,True,False,0.72,0.28,3665821,3409228,0.72,0.28,317525,DEM,20.0,3.5,0.1,-1.4693,0.62,500000,State Panel Polling,850,lv,nonpartisan,mixed,70.42,29.58,US-SEN-VT-2018,US-SEN-VT-2018-D,US-SEN-VT-2018-R,DEM,0.72,0.28,0.7042
2018,WA,Washington,2018-11-06,I,DEM nominee WA 2018,REP nominee WA 2018,True,False,0.6764,0.3236,3773853,3319408,0.6992,0.3008,2805659,DEM,9.0,3.5,0.1,-0.4643,0.62,5000000,State Panel Polling,850,lv,nonpartisan,mixed,71.24,28.76,US-SEN-WA-2018,US-SEN-WA-2018-D,US-SEN-WA-2018-R,DEM,0.6764,0.3236,0.7124
2018,WI,Wisconsin,2018-11-06,I,DEM nominee WI 2018,REP nominee WI 2018,True,False,0.5822,0.4178,3398200,2564778,0.5665,0.4335,2865372,DEM,0.0,3.5,0.1,0.7468,0.62,4400000,State Panel Polling,850,lv,nonpartisan,mixed,54.73,45.27,US-SEN-WI-2018,US-SEN-WI-2018-D,US-SEN-WI-2018-R,DEM,0.5822,0.4178,0.5473
2018,WV,West Virginia,2018-11-06,I,DEM nominee WV 2018,REP nominee WV 2018,True,False,0.354,0.646,3174126,4715303,0.3369,0.6631,853008,REP,-25.0,3.5,0.1,0.3386,0.62,1300000,State Panel Polling,850,lv,nonpartisan,mixed,35.25,64.75,US-SEN-WV-2018,US-SEN-WV-2018-D,US-SEN-WV-2018-R,DEM,0.354,0.646,0.3525
2018,WY,Wyoming,2018-11-06,I,DEM nominee WY 2018,REP nominee WY 2018,False,True,0.3014,0.6986,4146688,4073783,0.3,0.7,192544,REP,-25.0,3.5,0.1,0.478,0.62,290000,State Panel Polling,850,lv,nonpartisan,mixed,30.0,70.0,US-SEN-WY-2018,US-SEN-WY-2018-D,US-SEN-WY-2018-R,REP,0.3014,0.6986,0.3
2020,AK,Alaska,2020-11-03,II,DEM nominee AK 2020,REP nominee AK 2020,False,True,0.3904,0.6096,3066144,3433958,0.3682,0.6318,346885,REP,-9.0,3.5,-0.3,0.6942,0.62,580000,State Panel Polling,850,lv,nonpartisan,mixed,39.16,60.84,US-SEN-AK-2020,US-SEN-AK-2020-D,US-SEN-AK-2020-R,REP,0.3904,0.6096,0.3916
2020,AL,Alabama,2020-11-03,II,DEM nominee AL 2020,REP nominee AL 2020,False,True,0.3,0.7,3664662,3525205,0.3,0.7,2411951,REP,-15.0,3.5,-0.3,1.1473,0.62,3700000,State Panel Polling,850,lv,nonpartisan,mixed,30.17,69.83,US-SEN-AL-2020,US-SEN-AL-2020-D,US-SEN-AL-2020-R,REP,0.3,0.7,0.3017
2020,AR,Arkansas,2020-11-03,II,DEM nominee AR 2020,REP nominee AR 2020,False,True,0.306,0.694,3384239,4079779,0.3219,0.6781,1172759,REP,-15.0,3.5,-0.3,1.9182,0.62,1900000,State Panel Polling,850,lv,nonpartisan,mixed,32.02,67.98,US-SEN-AR-2020,US-SEN-AR-2020-D,US-SEN-AR-2020-R,REP,0.306,0.694,0.3202
2020,CO,Colorado,2020-11-03,II,DEM nominee CO 2020,REP nominee CO 2020,False,True,0.5455,0.4545,3459999,2889082,0.5424,0.4576,2277855,DEM,4.0,3.5,-0.3,0.2793,0.62,4000000,State Panel Polling,850,lv,nonpartisan,mixed,51.25,48.75,US-SEN-CO-2020,US-SEN-CO-2020-D,US-SEN-CO-2020-R,REP,0.5455,0.4545,0.5125
2020,DE,Delaware,2020-11-03,II,DEM nominee DE 2020,REP nominee DE 2020,True,False,0.6809,0.3191,2706149,4081348,0.6641,0.3359,505590,DEM,12.0,3.5,-0.3,-1.7251,0.62,800000,State Panel Polling,850,lv,nonpartisan,mixed,67.14,32.86,US-SEN-DE-2020,US-SEN-DE-2020-D,US-SEN-DE-2020-R,DEM,0.6809,0.3191,0.6714
2020,GA,Georgia,2020-11-03,II,DEM nominee GA 2020,REP nominee GA 2020,False,True,0.4676,0.5324,3358896,3497706,0.4503,0.5497,4574266,REP,-1.0,3.5,-0.3,-1.9077,0.62,7500000,State Panel Polling,850,lv,nonpartisan,mixed,46.48,53.52,US-SEN-GA-2020,US-SEN-GA-2020-D,US-SEN-GA-2020-R,REP,0.4676,0.5324,0.4648
2020,IA,Iowa,2020-11-03,II,DEM nominee IA 2020,REP nominee IA 2020,False,True,0.4514,0.5486,3385285,2826300,0.448,0.552,1558224,REP,-5.0,3.5,-0.3,0.2576,0.62,2300000,State Panel Polling,850,lv,nonpartisan,mixed,45.74,54.26,US-SEN-IA-2020,US-SEN-IA-2020-D,US-SEN-IA-2020-R,REP,0.4514,0.5486,0.4574
2020,ID,Idaho,2020-11-03,II,DEM nominee ID 2020,REP nominee ID 2020,False,True,0.3,0.7,4630983,3275449,0.3,0.7,615284,REP,-19.0,3.5,-0.3,-1.951,0.62,1100000,State Panel Polling,850,lv,nonpartisan,mixed,30.0,70.0,US-SEN-ID-2020,US-SEN-ID-2020-D,US-SEN-ID-2020-R,REP,0.3,0.7,0.3
2020,IL,Illinois,2020-11-03,II,DEM nominee IL 2020,REP nominee IL 2020,True,False,0.6554,0.3446,3373154,3144426,0.6299,0.3701,5607752,DEM,9.0,3.5,-0.3,-0.1763,0.62,8500000,State Panel Polling,850,lv,nonpartisan,mixed,64.34,35.66,US-SEN-IL-2020,US-SEN-IL-2020-D,US-SEN-IL-2020-R,DEM,0.6554,0.3446,0.6434
2020,KS,Kansas,2020-11-03,II,DEM nominee KS 2020,REP nominee KS 2020,False,True,0.3432,0.6568,3717742,3171078,0.3521,0.6479,1192551,REP,-10.0,3.5,-0.3,0.0299,0.62,1900000,State Panel Polling,850,lv,nonpartisan,mixed,36.13,63.87,US-SEN-KS-2020,US-SEN-KS-2020-D,US-SEN-KS-2020-R,REP,0.3432,0.6568,0.3613
2020,KY,Kentucky,2020-11-03,II,DEM nominee KY 2020,REP nominee KY 2020,False,True,0.3,0.7,4308020,3934951,0.3179,0.6821,2307381,REP,-16.0,3.5,-0.3,-0.9209,0.62,3500000,State Panel Polling,850,lv,nonpartisan,mixed,32.46,67.54,US-SEN-KY-2020,US-SEN-KY-2020-D,US-SEN-KY-2020-R,REP,0.3,0.7,0.3246
2020,LA,Louisiana,2020-11-03,II,DEM nominee LA 2020,REP nominee LA 2020,False,True,0.3381,0.6619,3995428,3281913,0.3383,0.6617,1739809,REP,-12.0,3.5,-0.3,-1.8896,0.62,3000000,State Panel Polling,850,lv,nonpartisan,mixed,31.69,68.31,US-SEN-LA-2020,US-SEN-LA-2020-D,US-SEN-LA-2020-R,REP,0.3381,0.6619,0.3169
2020,MA,Massachusetts,2020-11-03,II,DEM nominee MA 2020,REP nominee MA 2020,True,False,0.72,0.28,3779031,4466732,0.72,0.28,3103626,DEM,20.0,3.5,-0.3,1.9321,0.62,4900000,State Panel Polling,850,lv,nonpartisan,mixed,71.73,28.27,US-SEN-MA-2020,US-SEN-MA-2020-D,US-SEN-MA-2020-R,DEM,0.72,0.28,0.7173
2020,ME,Maine,2020-11-03,II,DEM nominee ME 2020,REP nominee ME 2020,True,False,0.5609,0.4391,3672235,2999154,0.5839,0.4161,708713,DEM,5.0,3.5,-0.3,1.1539,0.62,1100000,State Panel Polling,850,lv,nonpartisan,mixed,61.29,38.71,US-SEN-ME-2020,US-SEN-ME-2020-D,US-SEN-ME-2020-R,DEM,0.5609,0.4391,0.6129
2020,MI,Michigan,2020-11-03,II,DEM nominee MI 2020,REP nominee MI 2020,True,False,0.5811,0.4189,2749499,2679259,0.5682,0.4318,4859589,DEM,1.0,3.5,-0.3,-0.7799,0.62,7700000,State Panel Polling,850,lv,nonpartisan,mixed,57.98,42.02,US-SEN-MI-2020,US-SEN-MI-2020-D,US-SEN-MI-2020-R,DEM,0.5811,0.4189,0.5798
2020,MN,Minnesota,2020-11-03,II,DEM nominee MN 2020,REP nominee MN 2020,True,False,0.591,0.409,2672071,2753874,0.5675,0.4325,2574132,DEM,2.0,3.5,-0.3,-1.8309,0.62,3900000,State Panel Polling,850,lv,nonpartisan,mixed,54.62,45.38,US-SEN-MN-2020,US-SEN-MN-2020-D,US-SEN-MN-2020-R,DEM,0.591,0.409,0.5462
2020,MS,Mississippi,2020-11-03,II,DEM nominee MS 2020,REP nominee MS 2020,False,True,0.3564,0.6436,3227140,3426140,0.3622,0.6378,1201737,REP,-10.0,3.5,-0.3,1.4751,0.62,2000000,State Panel Polling,850,lv,nonpartisan,mixed,35.9,64.1,US-SEN-MS-2020,US-SEN-MS-2020-D,US-SEN-MS-2020-R,REP,0.3564,0.6436,0.359
2020,MT,Montana,2020-11-03,II,DEM nominee MT 2020,REP nominee MT 2020,False,True,0.3768,0.6232,3771455,3123546,0.3806,0.6194,526434,REP,-11.0,3.5,-0.3,0.7698,0.62,800000,State Panel Polling,850,lv,nonpartisan,mixed,40.14,59.86,US-SEN-MT-2020,US-SEN-MT-2020-D,US-SEN-MT-2020-R,REP,0.3768,0.6232,0.4014
2020,NC,North Carolina,2020-11-03,II,DEM nominee NC 2020,REP nominee NC 2020,True,False,0.4999,0.5001,3161444,2982891,0.5235,0.4765,4215466,DEM,-3.0,3.5,-0.3,0.412,0.62,7500000,State Panel Polling,850,lv,nonpartisan,mixed,53.39,46.61,US-SEN-NC-2020,US-SEN-NC-2020-D,US-SEN-NC-2020-R,DEM,0.4999,0.5001,0.5339
2020,NE,Nebraska,2020-11-03,II,DEM nominee NE 2020,REP nominee NE 2020,False,True,0.3292,0.6708,2990361,2992172,0.3499,0.6501,783971,REP,-13.0,3.5,-0.3,-1.1213,0.62,1300000,State Panel Polling,850,lv,nonpartisan,mixed,35.11,64.89,US-SEN-NE-2020,US-SEN-NE-2020-D,US-SEN-NE-2020-R,REP,0.3292,0.6708,0.3511
2020,NH,New Hampshire,2020-11-03,II,DEM nominee NH 2020,REP nominee NH 2020,True,False,0.5793,0.4207,3385293,2624037,0.557,0.443,590020,DEM,1.0,3.5,-0.3,1.296,0.62,1000000,State Panel Polling,850,lv,nonpartisan,mixed,52.99,47.01,US-SEN-NH-2020,US-SEN-NH-2020-D,US-SEN-NH-2020-R,DEM,0.5793,0.4207,0.5299
2020,NJ,New Jersey,2020-11-03,II,DEM nominee NJ 2020,REP nominee NJ 2020,False,True,0.564,0.436,3004935,3494140,0.5538,0.4462,4160922,DEM,9.0,3.5,-0.3,-0.9531,0.62,6500000,State Panel Polling,850,lv,nonpartisan,mixed,55.87,44.13,US-SEN-NJ-2020,US-SEN-NJ-2020-D,US-SEN-NJ-2020-R,REP,0.564,0.436,0.5587
2020,NM,New Mexico,2020-11-03,II,DEM nominee NM 2020,REP nominee NM 2020,True,False,0.5707,0.4293,2657490,3560652,0.5834,0.4166,946946,DEM,5.0,3.5,-0.3,-1.7141,0.62,1400000,State Panel Polling,850,lv,nonpartisan,mixed,56.22,43.78,US-SEN-NM-2020,US-SEN-NM-2020-D,US-SEN-NM-2020-R,DEM,0.5707,0.4293,0.5622
2020,OK,Oklahoma,2020-11-03,II,DEM nominee OK 2020,REP nominee OK 2020,False,True,0.3276,0.6724,3328763,3229338,0.3,0.7,1361408,REP,-20.0,3.5,-0.3,-0.0946,0.62,2300000,State Panel Polling,850,lv,nonpartisan,mixed,30.0,70.0,US-SEN-OK-2020,US-SEN-OK-2020-D,US-SEN-OK-2020-R,REP,0.3276,0.6724,0.3
2020,OR,Oregon,2020-11-03,II,DEM nominee OR 2020,REP nominee OR 2020,True,False,0.6584,0.3416,3151965,3140682,0.6558,0.3442,1746739,DEM,9.0,3.5,-0.3,1.2393,0.62,3000000,State Panel Polling,850,lv,nonpartisan,mixed,65.66,34.34,US-SEN-OR-2020,US-SEN-OR-2020-D,US-SEN-OR-2020-R,DEM,0.6584,0.3416,0.6566
2020,RI,Rhode Island,2020-11-03,II,DEM nominee RI 2020,REP nominee RI 2020,True,False,0.6941,0.3059,3257452,2995817,0.6805,0.3195,533894,DEM,14.0,3.5,-0.3,-1.401,0.62,800000,State Panel Polling,850,lv,nonpartisan,mixed,68.18,31.82,US-SEN-RI-2020,US-SEN-RI-2020-D,US-SEN-RI-2020-R,DEM,0.6941,0.3059,0.6818
2020,SC,South Carolina,2020-11-03,II,DEM nominee SC 2020,REP nominee SC 2020,False,True,0.4006,0.5994,3560390,3457728,0.4077,0.5923,2490907,REP,-8.0,3.5,-0.3,-0.3667,0.62,3700000,State Panel Polling,850,lv,nonpartisan,mixed,41.16,58.84,US-SEN-SC-2020,US-SEN-SC-2020-D,US-SEN-SC-2020-R,REP,0.4006,0.5994,0.4116
2020,SD,South Dakota,2020-11-03,II,DEM nominee SD 2020,REP nominee SD 2020,False,True,0.3609,0.6391,2933757,3456759,0.338,0.662,356271,REP,-12.0,3.5,-0.3,-0.848,0.62,600000,State Panel Polling,850,lv,nonpartisan,mixed,33.77,66.23,US-SEN-SD-2020,US-SEN-SD-2020-D,US-SEN-SD-2020-R,REP,0.3609,0.6391,0.3377
2020,TN,Tennessee,2020-11-03,II,DEM nominee TN 2020,REP nominee TN 2020,False,True,0.3476,0.6524,3851371,3767869,0.3715,0.6285,3009252,REP,-13.0,3.5,-0.3,0.2979,0.62,4500000,State Panel Polling,850,lv,nonpartisan,mixed,34.96,65.04,US-SEN-TN-2020,US-SEN-TN-2020-D,US-SEN-TN-2020-R,REP,0.3476,0.6524,0.3496
2020,TX,Texas,2020-11-03,II,DEM nominee TX 2020,REP nominee TX 2020,False,True,0.4079,0.5921,3145860,3420121,0.4222,0.5778,11034415,REP,-5.0,3.5,-0.3,0.9704,0.62,17000000,State Panel Polling,850,lv,nonpartisan,mixed,40.28,59.72,US-SEN-TX-2020,US-SEN-TX-2020-D,US-SEN-TX-2020-R,REP,0.4079,0.5921,0.4028
2020,VA,Virginia,2020-11-03,II,DEM nominee VA 2020,REP nominee VA 2020,True,False,0.5675,0.4325,3400171,3101966,0.5878,0.4122,3498559,DEM,3.0,3.5,-0.3,-0.8599,0.62,6000000,State Panel Polling,850,lv,nonpartisan,mixed,58.33,41.67,US-SEN-VA-2020,US-SEN-VA-2020-D,US-SEN-VA-2020-R,DEM,0.5675,0.4325,0.5833
2020,WV,West Virginia,2020-11-03,II,DEM nominee WV 2020,REP nominee WV 2020,True,False,0.3,0.7,3483781,4283606,0.3,0.7,805555,REP,-25.0,3.5,-0.3,-1.2367,0.62,1300000,State Panel Polling,850,lv,nonpartisan,mixed,32.8,67.2,US-SEN-WV-2020,US-SEN-WV-2020-D,US-SEN-WV-2020-R,DEM,0.3,0.7,0.328
2020,WY,Wyoming,2020-11-03,II,DEM nominee WY 2020,REP nominee WY 2020,False,True,0.3,0.7,3333850,5126847,0.3,0.7,183073,REP,-25.0,3.5,-0.3,-1.7392,0.62,290000,State Panel Polling,850,lv,nonpartisan,mixed,31.89,68.11,US-SEN-WY-2020,US-SEN-WY-2020-D,US-SEN-WY-2020-R,REP,0.3,0.7,0.3189
2022,AK,Alaska,2022-11-08,III,DEM nominee AK 2022,REP nominee AK 2022,False,True,0.4188,0.5812,3420007,3495013,0.406,0.594,240867,REP,-9.0,3.5,-0.4,0.5903,0.45,580000,State Panel Polling,850,lv,nonpartisan,mixed,41.77,58.23,US-SEN-AK-2022,US-SEN-AK-2022-D,US-SEN-AK-2022-R,REP,0.4188,0.5812,0.4177
2022,AL,Alabama,2022-11-08,III,DEM nominee AL 2022,REP nominee AL 2022,False,True,0.3246,0.6754,3465276,3567961,0.336,0.664,1695373,REP,-15.0,3.5,-0.4,1.4781,0.45,3700000,State Panel Polling,850,lv,nonpartisan,mixed,35.98,64.02,US-SEN-AL-2022,US-SEN-AL-2022-D,US-SEN-AL-2022-R,REP,0.3246,0.6754,0.3598
2022,AR,Arkansas,2022-11-08,III,DEM nominee AR 2022,REP nominee AR 2022,False,True,0.3,0.7,3111209,4081130,0.3111,0.6889,784379,REP,-15.0,3.5,-0.4,-0.3118,0.45,1900000,State Panel Polling,850,lv,nonpartisan,mixed,31.69,68.31,US-SEN-AR-2022,US-SEN-AR-2022-D,US-SEN-AR-2022-R,REP,0.3,0.7,0.3169
2022,AZ,Arizona,2022-11-08,III,DEM nominee AZ 2022,REP nominee AZ 2022,False,True,0.4645,0.5355,2714922,3502670,0.4584,0.5416,2095821,REP,-2.0,3.5,-0.4,1.4691,0.45,4500000,State Panel Polling,850,lv,nonpartisan,mixed,47.11,52.89,US-SEN-AZ-2022,US-SEN-AZ-2022-D,US-SEN-AZ-2022-R,REP,0.4645,0.5355,0.4711
2022,CA,California,2022-11-08,III,DEM nominee CA 2022,REP nominee CA 2022,True,False,0.6841,0.3159,3494723,2989226,0.6762,0.3238,10556781,DEM,13.0,3.5,-0.4,1.7875,0.45,22000000,State Panel Polling,850,lv,nonpartisan,mixed,67.69,32.31,US-SEN-CA-2022,US-SEN-CA-2022-D,US-SEN-CA-2022-R,DEM,0.6841,0.3159,0.6769
2022,CO,Colorado,2022-11-08,III,DEM nominee CO 2022,REP nominee CO 2022,True,False,0.6058,0.3942,2943358,2928178,0.6045,0.3955,1840131,DEM,4.0,3.5,-0.4,-1.9391,0.45,4000000,State Panel Polling,850,lv,nonpartisan,mixed,58.38,41.62,US-SEN-CO-2022,US-SEN-CO-2022-D,US-SEN-CO-2022-R,DEM,0.6058,0.3942,0.5838
2022,CT,Connecticut,2022-11-08,III,DEM nominee CT 2022,REP nominee CT 2022,True,False,0.6464,0.3536,2981464,3888370,0.6515,0.3485,1153552,DEM,11.0,3.5,-0.4,-1.1956,0.45,2400000,State Panel Polling,850,lv,nonpartisan,mixed,65.29,34.71,US-SEN-CT-2022,US-SEN-CT-2022-D,US-SEN-CT-2022-R,DEM,0.6464,0.3536,0.6529
2022,FL,Florida,2022-11-08,III,DEM nominee FL 2022,REP nominee FL 2022,False,True,0.4805,0.5195,3604166,3381047,0.462,0.538,6103541,REP,-3.0,3.5,-0.4,-1.965,0.45,14000000,State Panel Polling,850,lv,nonpartisan,mixed,48.9,51.1,US-SEN-FL-2022,US-SEN-FL-2022-D,US-SEN-FL-2022-R,REP,0.4805,0.5195,0.489
2022,GA,Georgia,2022-11-08,III,DEM nominee GA 2022,REP nominee GA 2022,False,True,0.5228,0.4772,2568276,3145447,0.5024,0.4976,3517605,DEM,-1.0,3.5,-0.4,-0.3111,0.45,7500000,State Panel Polling,850,lv,nonpartisan,mixed,50.04,49.96,US-SEN-GA-2022,US-SEN-GA-2022-D,US-SEN-GA-2022-R,REP,0.5228,0.4772,0.5004
2022,HI,Hawaii,2022-11-08,III,DEM nominee HI 2022,REP nominee HI 2022,True,False,0.72,0.28,4350524,4636052,0.72,0.28,378460,DEM,18.0,3.5,-0.4,0.1714,0.45,850000,State Panel Polling,850,lv,nonpartisan,mixed,70.26,29.74,US-SEN-HI-2022,US-SEN-HI-2022-D,US-SEN-HI-2022-R,DEM,0.72,0.28,0.7026
2022,IA,Iowa,2022-11-08,III,DEM nominee IA 2022,REP nominee IA 2022,False,True,0.3958,0.6042,3008637,3069739,0.4207,0.5793,1054241,REP,-5.0,3.5,-0.4,0.9349,0.45,2300000,State Panel Polling,850,lv,nonpartisan,mixed,41.43,58.57,US-SEN-IA-2022,US-SEN-IA-2022-D,US-SEN-IA-2022-R,REP,0.3958,0.6042,0.4143
2022,ID,Idaho,2022-11-08,III,DEM nominee ID 2022,REP nominee ID 2022,False,True,0.3078,0.6922,3608036,3215143,0.3,0.7,497063,REP,-19.0,3.5,-0.4,0.8593,0.45,1100000,State Panel Polling,850,lv,nonpartisan,mixed,31.01,68.99,US-SEN-ID-2022,US-SEN-ID-2022-D,US-SEN-ID-2022-R,REP,0.3078,0.6922,0.3101
2022,IL,Illinois,2022-11-08,III,DEM nominee IL 2022,REP nominee IL 2022,True,False,0.6375,0.3625,2881458,3018477,0.6296,0.3704,3632984,DEM,9.0,3.5,-0.4,0.6779,0.45,8500000,State Panel Polling,850,lv,nonpartisan,mixed,63.95,36.05,US-SEN-IL-2022,US-SEN-IL-2022-D,US-SEN-IL-2022-R,DEM,0.6375,0.3625,0.6395
2022,IN,Indiana,2022-11-08,III,DEM nominee IN 2022,REP nominee IN 2022,False,True,0.3699,0.6301,3807010,3197574,0.3987,0.6013,2098934,REP,-9.0,3.5,-0.4,-1.131,0.45,4900000,State Panel Polling,850,lv,nonpartisan,mixed,41.07,58.93,US-SEN-IN-2022,US-SEN-IN-2022-D,US-SEN-IN-2022-R,REP,0.3699,0.6301,0.4107
2022,KS,Kansas,2022-11-08,III,DEM nominee KS 2022,REP nominee KS 2022,False,True,0.3471,0.6529,3133704,3501045,0.3664,0.6336,836227,REP,-10.0,3.5,-0.4,0.0644,0.45,1900000,State Panel Polling,850,lv,nonpartisan,mixed,38.69,61.31,US-SEN-KS-2022,US-SEN-KS-2022-D,US-SEN-KS-2022-R,REP,0.3471,0.6529,0.3869
2022,KY,Kentucky,2022-11-08,III,DEM nominee KY 2022,REP nominee KY 2022,False,True,0.3001,0.6999,3915518,3628776,0.3261,0.6739,1520679,REP,-16.0,3.5,-0.4,-0.483,0.45,3500000,State Panel Polling,850,lv,nonpartisan,mixed,31.95,68.05,US-SEN-KY-2022,US-SEN-KY-2022-D,US-SEN-KY-2022-R,REP,0.3001,0.6999,0.3195
2022,LA,Louisiana,2022-11-08,III,DEM nominee LA 2022,REP nominee LA 2022,False,True,0.3826,0.6174,3127659,3959874,0.3722,0.6278,1444242,REP,-12.0,3.5,-0.4,-0.7081,0.45,3000000,State Panel Polling,850,lv,nonpartisan,mixed,35.7,64.3,US-SEN-LA-2022,US-SEN-LA-2022-D,US-SEN-LA-2022-R,REP,0.3826,0.6174,0.357
2022,MD,Maryland,2022-11-08,III,DEM nominee MD 2022,REP nominee MD 2022,True,False,0.72,0.28,4076309,3361455,0.72,0.28,2060530,DEM,20.0,3.5,-0.4,-0.7954,0.45,4300000,State Panel Polling,850,lv,nonpartisan,mixed,72.0,28.0,US-SEN-MD-2022,US-SEN-MD-2022-D,US-SEN-MD-2022-R,DEM,0.72,0.28,0.72
2022,MO,Missouri,2022-11-08,III,DEM nominee MO 2022,REP nominee MO 2022,False,True,0.3734,0.6266,3084467,3248647,0.4,0.6,2166995,REP,-10.0,3.5,-0.4,-1.7146,0.45,4400000,State Panel Polling,850,lv,nonpartisan,mixed,41.14,58.86,US-SEN-MO-2022,US-SEN-MO-2022-D,US-SEN-MO-2022-R,REP,0.3734,0.6266,0.4114
2022,NC,North Carolina,2022-11-08,III,DEM nominee NC 2022,REP nominee NC 2022,False,True,0.4634,0.5366,3276067,2950656,0.464,0.536,3283390,REP,-3.0,3.5,-0.4,1.0492,0.45,7500000,State Panel Polling,850,lv,nonpartisan,mixed,44.02,55.98,US-SEN-NC-2022,US-SEN-NC-2022-D,US-SEN-NC-2022-R,REP,0.4634,0.5366,0.4402
2022,ND,North Dakota,2022-11-08,III,DEM nominee ND 2022,REP nominee ND 2022,False,True,0.3151,0.6849,4343839,3229324,0.3,0.7,253897,REP,-17.0,3.5,-0.4,1.6621,0.45,530000,State Panel Polling,850,lv,nonpartisan,mixed,32.92,67.08,US-SEN-ND-2022,US-SEN-ND-2022-D,US-SEN-ND-2022-R,REP,0.3151,0.6849,0.3292
2022,NH,New Hampshire,2022-11-08,III,DEM nominee NH 2022,REP nominee NH 2022,True,False,0.5406,0.4594,3041908,3255502,0.5409,0.4591,458746,DEM,1.0,3.5,-0.4,0.2802,0.45,1000000,State Panel Polling,850,lv,nonpartisan,mixed,52.27,47.73,US-SEN-NH-2022,US-SEN-NH-2022-D,US-SEN-NH-2022-R,DEM,0.5406,0.4594,0.5227
2022,NV,Nevada,2022-11-08,III,DEM nominee NV 2022,REP nominee NV 2022,True,False,0.5464,0.4536,3006384,2668959,0.5676,0.4324,914181,DEM,1.0,3.5,-0.4,0.5786,0.45,2100000,State Panel Polling,850,lv,nonpartisan,mixed,59.45,40.55,US-SEN-NV-2022,US-SEN-NV-2022-D,US-SEN-NV-2022-R,DEM,0.5464,0.4536,0.5945
2022,NY,New York,2022-11-08,III,DEM nominee NY 2022,REP nominee NY 2022,True,False,0.7148,0.2852,3052536,3829029,0.6997,0.3003,5427127,DEM,12.0,3.5,-0.4,-0.0659,0.45,13000000,State Panel Polling,850,lv,nonpartisan,mixed,68.5,31.5,US-SEN-NY-2022,US-SEN-NY-2022-D,US-SEN-NY-2022-R,DEM,0.7148,0.2852,0.685
2022,OH,Ohio,2022-11-08,III,DEM nominee OH 2022,REP nominee OH 2022,True,False,0.4564,0.5436,2684695,3326261,0.4627,0.5373,3553129,REP,-6.0,3.5,-0.4,0.6999,0.45,8100000,State Panel Polling,850,lv,nonpartisan,mixed,47.96,52.04,US-SEN-OH-2022,US-SEN-OH-2022-D,US-SEN-OH-2022-R,DEM,0.4564,0.5436,0.4796
2022,OK,Oklahoma,2022-11-08,III,DEM nominee OK 2022,REP nominee OK 2022,False,True,0.3,0.7,3010532,3975308,0.3,0.7,947414,REP,-20.0,3.5,-0.4,0.5098,0.45,2300000,State Panel Polling,850,lv,nonpartisan,mixed,32.44,67.56,US-SEN-OK-2022,US-SEN-OK-2022-D,US-SEN-OK-2022-R,REP,0.3,0.7,0.3244
2022,OR,Oregon,2022-11-08,III,DEM nominee OR 2022,REP nominee OR 2022,True,False,0.5991,0.4009,3200043,3785970,0.612,0.388,1367407,DEM,9.0,3.5,-0.4,-1.5324,0.45,3000000,State Panel Polling,850,lv,nonpartisan,mixed,64.08,35.92,US-SEN-OR-2022,US-SEN-OR-2022-D,US-SEN-OR-2022-R,DEM,0.5991,0.4009,0.6408
2022,PA,Pennsylvania,2022-11-08,III,DEM nominee PA 2022,REP nominee PA 2022,False,True,0.437,0.563,2753721,2651205,0.4403,0.5597,3769527,REP,-1.0,3.5,-0.4,1.7874,0.45,9000000,State Panel Polling,850,lv,nonpartisan,mixed,44.96,55.04,US-SEN-PA-2022,US-SEN-PA-2022-D,US-SEN-PA-2022-R,REP,0.437,0.563,0.4496
2022,SC,South Carolina,2022-11-08,III,DEM nominee SC 2022,REP nominee SC 2022,False,True,0.3803,0.6197,3627810,3409842,0.4009,0.5991,1582793,REP,-8.0,3.5,-0.4,-1.5576,0.45,3700000,State Panel Polling,850,lv,nonpartisan,mixed,40.18,59.82,US-SEN-SC-2022,US-SEN-SC-2022-D,US-SEN-SC-2022-R,REP,0.3803,0.6197,0.4018
2022,SD,South Dakota,2022-11-08,III,DEM nominee SD 2022,REP nominee SD 2022,False,True,0.3198,0.6802,3754618,3553658,0.3479,0.6521,286323,REP,-12.0,3.5,-0.4,-0.2549,0.45,600000,State Panel Polling,850,lv,nonpartisan,mixed,33.96,66.04,US-SEN-SD-2022,US-SEN-SD-2022-D,US-SEN-SD-2022-R,REP,0.3198,0.6802,0.3396
2022,UT,Utah,2022-11-08,III,DEM nominee UT 2022,REP nominee UT 2022,False,True,0.3399,0.6601,3697569,4294141,0.3484,0.6516,872050,REP,-13.0,3.5,-0.4,0.2667,0.45,1900000,State Panel Polling,850,lv,nonpartisan,mixed,34.18,65.82,US-SEN-UT-2022,US-SEN-UT-2022-D,US-SEN-UT-2022-R,REP,0.3399,0.6601,0.3418
2022,VT,Vermont,2022-11-08,III,DEM nominee VT 2022,REP nominee VT 2022,True,False,0.6912,0.3088,4567117,3450090,0.72,0.28,221483,DEM,20.0,3.5,-0.4,1.3298,0.45,500000,State Panel Polling,850,lv,nonpartisan,mixed,72.0,28.0,US-SEN-VT-2022,US-SEN-VT-2022-D,US-SEN-VT-2022-R,DEM,0.6912,0.3088,0.72
2022,WA,Washington,2022-11-08,III,DEM nominee WA 2022,REP nominee WA 2022,True,False,0.6433,0.3567,3059406,2726131,0.6205,0.3795,2047301,DEM,9.0,3.5,-0.4,0.5913,0.45,5000000,State Panel Polling,850,lv,nonpartisan,mixed,62.86,37.14,US-SEN-WA-2022,US-SEN-WA-2022-D,US-SEN-WA-2022-R,DEM,0.6433,0.3567,0.6286
2022,WI,Wisconsin,2022-11-08,III,DEM nominee WI 2022,REP nominee WI 2022,False,True,0.4555,0.5445,3048076,2815075,0.4617,0.5383,2008670,REP,0.0,3.5,-0.4,1.9242,0.45,4400000,State Panel Polling,850,lv,nonpartisan,mixed,47.47,52.53,US-SEN-WI-2022,US-SEN-WI-2022-D,US-SEN-WI-2022-R,REP,0.4555,0.5445,0.4747
2024,AZ,Arizona,2024-11-05,I,DEM nominee AZ 2024,REP nominee AZ 2024,True,False,0.5112,0.4888,3257930,3359942,0.5129,0.4871,2777782,DEM,-2.0,3.5,-0.2,0.2111,0.62,4500000,State Panel Polling,850,lv,nonpartisan,mixed,49.64,50.36,US-SEN-AZ-2024,US-SEN-AZ-2024-D,US-SEN-AZ-2024-R,DEM,0.5112,0.4888,0.4964
2024,CA,California,2024-11-05,I,DEM nominee CA 2024,REP nominee CA 2024,True,False,0.6088,0.3912,3261734,3241857,0.6082,0.3918,13451169,DEM,13.0,3.5,-0.2,0.5684,0.62,22000000,State Panel Polling,850,lv,nonpartisan,mixed,58.24,41.76,US-SEN-CA-2024,US-SEN-CA-2024-D,US-SEN-CA-2024-R,DEM,0.6088,0.3912,0.5824
2024,CT,Connecticut,2024-11-05,I,DEM nominee CT 2024,REP nominee CT 2024,True,False,0.597,0.403,3687125,4200477,0.6223,0.3777,1550962,DEM,11.0,3.5,-0.2,-1.6731,0.62,2400000,State Panel Polling,850,lv,nonpartisan,mixed,62.9,37.1,US-SEN-CT-2024,US-SEN-CT-2024-D,US-SEN-CT-2024-R,DEM,0.597,0.403,0.629
2024,DE,Delaware,2024-11-05,I,DEM nominee DE 2024,REP nominee DE 2024,True,False,0.6145,0.3855,3755455,4089818,0.6031,0.3969,504363,DEM,12.0,3.5,-0.2,-1.6817,0.62,800000,State Panel Polling,850,lv,nonpartisan,mixed,62.02,37.98,US-SEN-DE-2024,US-SEN-DE-2024-D,US-SEN-DE-2024-R,DEM,0.6145,0.3855,0.6202
2024,FL,Florida,2024-11-05,I,DEM nominee FL 2024,REP nominee FL 2024,False,True,0.3628,0.6372,3385684,3322354,0.3857,0.6143,8646349,REP,-3.0,3.5,-0.2,-1.2537,0.62,14000000,State Panel Polling,850,lv,nonpartisan,mixed,40.18,59.82,US-SEN-FL-2024,US-SEN-FL-2024-D,US-SEN-FL-2024-R,REP,0.3628,0.6372,0.4018
2024,HI,Hawaii,2024-11-05,I,DEM nominee HI 2024,REP nominee HI 2024,True,False,0.6872,0.3128,2910898,4561561,0.6707,0.3293,566494,DEM,18.0,3.5,-0.2,1.6566,0.62,850000,State Panel Polling,850,lv,nonpartisan,mixed,67.66,32.34,US-SEN-HI-2024,US-SEN-HI-2024-D,US-SEN-HI-2024-R,DEM,0.6872,0.3128,0.6766
2024,IN,Indiana,2024-11-05,I,DEM nominee IN 2024,REP nominee IN 2024,False,True,0.342,0.658,3525021,3494411,0.3341,0.6659,3014693,REP,-9.0,3.5,-0.2,1.6835,0.62,4900000,State Panel Polling,850,lv,nonpartisan,mixed,34.26,65.74,US-SEN-IN-2024,US-SEN-IN-2024-D,US-SEN-IN-2024-R,REP,0.342,0.658,0.3426
2024,MA,Massachusetts,2024-11-05,I,DEM nominee MA 2024,REP nominee MA 2024,True,False,0.72,0.28,3846526,3591650,0.7002,0.2998,2766447,DEM,20.0,3.5,-0.2,0.1556,0.62,4900000,State Panel Polling,850,lv,nonpartisan,mixed,72.0,28.0,US-SEN-MA-2024,US-SEN-MA-2024-D,US-SEN-MA-2024-R,DEM,0.72,0.28,0.72
2024,MD,Maryland,2024-11-05,I,DEM nominee MD 2024,REP nominee MD 2024,True,False,0.72,0.28,3725255,3850993,0.7144,0.2856,2774142,DEM,20.0,3.5,-0.2,0.6422,0.62,4300000,State Panel Polling,850,lv,nonpartisan,mixed,68.72,31.28,US-SEN-MD-2024,US-SEN-MD-2024-D,US-SEN-MD-2024-R,DEM,0.72,0.28,0.6872
2024,ME,Maine,2024-11-05,I,DEM nominee ME 2024,REP nominee ME 2024,False,True,0.5187,0.4813,3554918,3317025,0.5051,0.4949,744304,DEM,5.0,3.5,-0.2,0.3396,0.62,1100000,State Panel Polling,850,lv,nonpartisan,mixed,48.49,51.51,US-SEN-ME-2024,US-SEN-ME-2024-D,US-SEN-ME-2024-R,REP,0.5187,0.4813,0.4849
2024,MI,Michigan,2024-11-05,I,DEM nominee MI 2024,REP nominee MI 2024,True,False,0.5635,0.4365,2733585,3467424,0.5533,0.4467,4316945,DEM,1.0,3.5,-0.2,0.2113,0.62,7700000,State Panel Polling,850,lv,nonpartisan,mixed,55.44,44.56,US-SEN-MI-2024,US-SEN-MI-2024-D,US-SEN-MI-2024-R,DEM,0.5635,0.4365,0.5544
2024,MN,Minnesota,2024-11-05,I,DEM nominee MN 2024,REP nominee MN 2024,True,False,0.5674,0.4326,2792233,3172511,0.5379,0.4621,2463072,DEM,2.0,3.5,-0.2,-1.2424,0.62,3900000,State Panel Polling,850,lv,nonpartisan,mixed,54.0,46.0,US-SEN-MN-2024,US-SEN-MN-2024-D,US-SEN-MN-2024-R,DEM,0.5674,0.4326,0.54
2024,MO,Missouri,2024-11-05,I,DEM nominee MO 2024,REP nominee MO 2024,False,True,0.3507,0.6493,3511338,3937759,0.3287,0.6713,2584175,REP,-10.0,3.5,-0.2,1.2675,0.62,4400000,State Panel Polling,850,lv,nonpartisan,mixed,33.17,66.83,US-SEN-MO-2024,US-SEN-MO-2024-D,US-SEN-MO-2024-R,REP,0.3507,0.6493,0.3317
2024,MS,Mississippi,2024-11-05,I,DEM nominee MS 2024,REP nominee MS 2024,False,True,0.3572,0.6428,3775583,3147591,0.3646,0.6354,1217224,REP,-10.0,3.5,-0.2,0.5498,0.62,2000000,State Panel Polling,850,lv,nonpartisan,mixed,38.93,61.07,US-SEN-MS-2024,US-SEN-MS-2024-D,US-SEN-MS-2024-R,REP,0.3572,0.6428,0.3893
2024,MT,Montana,2024-11-05,I,DEM nominee MT 2024,REP nominee MT 2024,True,False,0.4028,0.5972,3722569,3202117,0.3976,0.6024,453000,REP,-11.0,3.5,-0.2,-1.1058,0.62,800000,State Panel Polling,850,lv,nonpartisan,mixed,39.62,60.38,US-SEN-MT-2024,US-SEN-MT-2024-D,US-SEN-MT-2024-R,DEM,0.4028,0.5972,0.3962
2024,ND,North Dakota,2024-11-05,I,DEM nominee ND 2024,REP nominee ND 2024,False,True,0.3,0.7,3262595,4003866,0.3,0.7,301898,REP,-17.0,3.5,-0.2,-1.7144,0.62,530000,State Panel Polling,850,lv,nonpartisan,mixed,31.51,68.49,US-SEN-ND-2024,US-SEN-ND-2024-D,US-SEN-ND-2024-R,REP,0.3,0.7,0.3151
2024,NE,Nebraska,2024-11-05,I,DEM nominee NE 2024,REP nominee NE 2024,False,True,0.3,0.7,3522076,3439303,0.3,0.7,854620,REP,-13.0,3.5,-0.2,-0.9714,0.62,1300000,State Panel Polling,850,lv,nonpartisan,mixed,30.0,70.0,US-SEN-NE-2024,US-SEN-NE-2024-D,US-SEN-NE-2024-R,REP,0.3,0.7,0.3
2024,NJ,New Jersey,2024-11-05,I,DEM nominee NJ 2024,REP nominee NJ 2024,True,False,0.6378,0.3622,2705674,3263899,0.6183,0.3817,3761246,DEM,9.0,3.5,-0.2,1.5352,0.62,6500000,State Panel Polling,850,lv,nonpartisan,mixed,61.71,38.29,US-SEN-NJ-2024,US-SEN-NJ-2024-D,US-SEN-NJ-2024-R,DEM,0.6378,0.3622,0.6171
2024,NM,New Mexico,2024-11-05,I,DEM nominee NM 2024,REP nominee NM 2024,True,False,0.5519,0.4481,3091331,3405874,0.5615,0.4385,806924,DEM,5.0,3.5,-0.2,-1.9299,0.62,1400000,State Panel Polling,850,lv,nonpartisan,mixed,57.04,42.96,US-SEN-NM-2024,US-SEN-NM-2024-D,US-SEN-NM-2024-R,DEM,0.5519,0.4481,0.5704
2024,NV,Nevada,2024-11-05,I,DEM nominee NV 2024,REP nominee NV 2024,False,True,0.4847,0.5153,3193244,3173375,0.4589,0.5411,1263353,REP,1.0,3.5,-0.2,1.5523,0.62,2100000,State Panel Polling,850,lv,nonpartisan,mixed,46.72,53.28,US-SEN-NV-2024,US-SEN-NV-2024-D,US-SEN-NV-2024-R,REP,0.4847,0.5153,0.4672
2024,NY,New York,2024-11-05,I,DEM nominee NY 2024,REP nominee NY 2024,True,False,0.6458,0.3542,3614327,3795349,0.6404,0.3596,7576112,DEM,12.0,3.5,-0.2,1.7851,0.62,13000000,State Panel Polling,850,lv,nonpartisan,mixed,65.95,34.05,US-SEN-NY-2024,US-SEN-NY-2024-D,US-SEN-NY-2024-R,DEM,0.6458,0.3542,0.6595
2024,OH,Ohio,2024-11-05,I,DEM nominee OH 2024,REP nominee OH 2024,False,True,0.341,0.659,3816918,3455020,0.3395,0.6605,4745112,REP,-6.0,3.5,-0.2,0.0682,0.62,8100000,State Panel Polling,850,lv,nonpartisan,mixed,36.59,63.41,US-SEN-OH-2024,US-SEN-OH-2024-D,US-SEN-OH-2024-R,REP,0.341,0.659,0.3659
2024,PA,Pennsylvania,2024-11-05,I,DEM nominee PA 2024,REP nominee PA 2024,False,True,0.4274,0.5726,3454787,3176512,0.4385,0.5615,5022340,REP,-1.0,3.5,-0.2,0.6132,0.62,9000000,State Panel Polling,850,lv,nonpartisan,mixed,46.51,53.49,US-SEN-PA-2024,US-SEN-PA-2024-D,US-SEN-PA-2024-R,REP,0.4274,0.5726,0.4651
2024,RI,Rhode Island,2024-11-05,I,DEM nominee RI 2024,REP nominee RI 2024,True,False,0.6287,0.3713,3752135,3269044,0.6351,0.3649,543945,DEM,14.0,3.5,-0.2,-1.919,0.62,800000,State Panel Polling,850,lv,nonpartisan,mixed,61.97,38.03,US-SEN-RI-2024,US-SEN-RI-2024-D,US-SEN-RI-2024-R,DEM,0.6287,0.3713,0.6197
2024,TN,Tennessee,2024-11-05,I,DEM nominee TN 2024,REP nominee TN 2024,False,True,0.3362,0.6638,3758804,3714815,0.3243,0.6757,2854268,REP,-13.0,3.5,-0.2,-0.6612,0.62,4500000,State Panel Polling,850,lv,nonpartisan,mixed,33.4,66.6,US-SEN-TN-2024,US-SEN-TN-2024-D,US-SEN-TN-2024-R,REP,0.3362,0.6638,0.334
2024,TX,Texas,2024-11-05,I,DEM nominee TX 2024,REP nominee TX 2024,False,True,0.3588,0.6412,3218325,3739936,0.3691,0.6309,10403589,REP,-5.0,3.5,-0.2,-0.6738,0.62,17000000,State Panel Polling,850,lv,nonpartisan,mixed,39.68,60.32,US-SEN-TX-2024,US-SEN-TX-2024-D,US-SEN-TX-2024-R,REP,0.3588,0.6412,0.3968
2024,UT,Utah,2024-11-05,I,DEM nominee UT 2024,REP nominee UT 2024,False,True,0.3165,0.6835,3693468,3792903,0.3,0.7,1065107,REP,-13.0,3.5,-0.2,1.4556,0.62,1900000,State Panel Polling,850,lv,nonpartisan,mixed,32.0,68.0,US-SEN-UT-2024,US-SEN-UT-2024-D,US-SEN-UT-2024-R,REP,0.3165,0.6835,0.32
2024,VA,Virginia,2024-11-05,I,DEM nominee VA 2024,REP nominee VA 2024,False,True,0.5044,0.4956,3680114,3150355,0.4784,0.5216,3594339,REP,3.0,3.5,-0.2,1.5398,0.62,6000000,State Panel Polling,850,lv,nonpartisan,mixed,45.73,54.27,US-SEN-VA-2024,US-SEN-VA-2024-D,US-SEN-VA-2024-R,REP,0.5044,0.4956,0.4573
2024,VT,Vermont,2024-11-05,I,DEM nominee VT 2024,REP nominee VT 2024,True,False,0.72,0.28,4106667,4241067,0.72,0.28,333375,DEM,20.0,3.5,-0.2,-0.0406,0.62,500000,State Panel Polling,850,lv,nonpartisan,mixed,71.61,28.39,US-SEN-VT-2024,US-SEN-VT-2024-D,US-SEN-VT-2024-R,DEM,0.72,0.28,0.7161
2024,WA,Washington,2024-11-05,I,DEM nominee WA 2024,REP nominee WA 2024,True,False,0.6178,0.3822,3974545,3668619,0.5941,0.4059,3041269,DEM,9.0,3.5,-0.2,0.2208,0.62,5000000,State Panel Polling,850,lv,nonpartisan,mixed,56.97,43.03,US-SEN-WA-2024,US-SEN-WA-2024-D,US-SEN-WA-2024-R,DEM,0.6178,0.3822,0.5697
2024,WI,Wisconsin,2024-11-05,I,DEM nominee WI 2024,REP nominee WI 2024,False,True,0.3791,0.6209,2747249,3238653,0.4069,0.5931,2683998,REP,0.0,3.5,-0.2,1.7202,0.62,4400000,State Panel Polling,850,lv,nonpartisan,mixed,40.29,59.71,US-SEN-WI-2024,US-SEN-WI-2024-D,US-SEN-WI-2024-R,REP,0.3791,0.6209,0.4029
2024,WV,West Virginia,2024-11-05,I,DEM nominee WV 2024,REP nominee WV 2024,True,False,0.3,0.7,4165755,4095481,0.3,0.7,748972,REP,-25.0,3.5,-0.2,1.0946,0.62,1300000,State Panel Polling,850,lv,nonpartisan,mixed,30.0,70.0,US-SEN-WV-2024,US-SEN-WV-2024-D,US-SEN-WV-2024-R,DEM,0.3,0.7,0.3
2024,WY,Wyoming,2024-11-05,I,DEM nominee WY 2024,REP nominee WY 2024,False,True,0.3,0.7,3745658,4050423,0.3,0.7,167885,REP,-25.0,3.5,-0.2,-1.5542,0.62,290000,State Panel Polling,850,lv,nonpartisan,mixed,30.71,69.29,US-SEN-WY-2024,US-SEN-WY-2024-D,US-SEN-WY-2024-R,REP,0.3,0.7,0.3071
2026,AK,Alaska,2026-11-03,II,DEM nominee AK 2026,REP nominee AK 2026,False,True,0.3774,0.6226,3976030,3563641,,,,,-9.0,3.5,-0.1,0.11,0.45,580000,State Panel Polling,850,lv,nonpartisan,mixed,36.32,63.68,US-SEN-AK-2026,US-SEN-AK-2026-D,US-SEN-AK-2026-R,REP,0.3774,0.6226,0.3632
2026,AL,Alabama,2026-11-03,II,DEM nominee AL 2026,REP nominee AL 2026,False,True,0.3478,0.6522,2801896,3420124,,,,,-15.0,3.5,-0.1,1.274,0.45,3700000,State Panel Polling,850,lv,nonpartisan,mixed,34.02,65.98,US-SEN-AL-2026,US-SEN-AL-2026-D,US-SEN-AL-2026-R,REP,0.3478,0.6522,0.3402
2026,AR,Arkansas,2026-11-03,II,DEM nominee AR 2026,REP nominee AR 2026,False,True,0.3351,0.6649,3821598,3637471,,,,,-15.0,3.5,-0.1,1.3338,0.45,1900000,State Panel Polling,850,lv,nonpartisan,mixed,32.04,67.96,US-SEN-AR-2026,US-SEN-AR-2026-D,US-SEN-AR-2026-R,REP,0.3351,0.6649,0.3204
2026,CO,Colorado,2026-11-03,II,DEM nominee CO 2026,REP nominee CO 2026,True,False,0.6351,0.3649,2928480,2626335,,,,,4.0,3.5,-0.1,0.0837,0.45,4000000,State Panel Polling,850,lv,nonpartisan,mixed,60.4,39.6,US-SEN-CO-2026,US-SEN-CO-2026-D,US-SEN-CO-2026-R,DEM,0.6351,0.3649,0.604
2026,DE,Delaware,2026-11-03,II,DEM nominee DE 2026,REP nominee DE 2026,True,False,0.7173,0.2827,3616648,3875568,,,,,12.0,3.5,-0.1,1.3714,0.45,800000,State Panel Polling,850,lv,nonpartisan,mixed,72.0,28.0,US-SEN-DE-2026,US-SEN-DE-2026-D,US-SEN-DE-2026-R,DEM,0.7173,0.2827,0.72
2026,GA,Georgia,2026-11-03,II,DEM nominee GA 2026,REP nominee GA 2026,False,True,0.4513,0.5487,3206539,3138646,,,,,-1.0,3.5,-0.1,-1.5916,0.45,7500000,State Panel Polling,850,lv,nonpartisan,mixed,48.63,51.37,US-SEN-GA-2026,US-SEN-GA-2026-D,US-SEN-GA-2026-R,REP,0.4513,0.5487,0.4863
2026,IA,Iowa,2026-11-03,II,DEM nominee IA 2026,REP nominee IA 2026,False,True,0.3885,0.6115,3586544,3216483,,,,,-5.0,3.5,-0.1,0.5651,0.45,2300000,State Panel Polling,850,lv,nonpartisan,mixed,40.79,59.21,US-SEN-IA-2026,US-SEN-IA-2026-D,US-SEN-IA-2026-R,REP,0.3885,0.6115,0.4079
2026,ID,Idaho,2026-11-03,II,DEM nominee ID 2026,REP nominee ID 2026,False,True,0.3505,0.6495,2985984,3741715,,,,,-19.0,3.5,-0.1,1.8508,0.45,1100000,State Panel Polling,850,lv,nonpartisan,mixed,31.17,68.83,US-SEN-ID-2026,US-SEN-ID-2026-D,US-SEN-ID-2026-R,REP,0.3505,0.6495,0.3117
2026,IL,Illinois,2026-11-03,II,DEM nominee IL 2026,REP nominee IL 2026,True,False,0.6384,0.3616,2999639,2754448,,,,,9.0,3.5,-0.1,-0.0429,0.45,8500000,State Panel Polling,850,lv,nonpartisan,mixed,62.46,37.54,US-SEN-IL-2026,US-SEN-IL-2026-D,US-SEN-IL-2026-R,DEM,0.6384,0.3616,0.6246
2026,KS,Kansas,2026-11-03,II,DEM nominee KS 2026,REP nominee KS 2026,False,True,0.3847,0.6153,3243061,3864344,,,,,-10.0,3.5,-0.1,1.3919,0.45,1900000,State Panel Polling,850,lv,nonpartisan,mixed,39.79,60.21,US-SEN-KS-2026,US-SEN-KS-2026-D,US-SEN-KS-2026-R,REP,0.3847,0.6153,0.3979
2026,KY,Kentucky,2026-11-03,II,DEM nominee KY 2026,REP nominee KY 2026,False,True,0.3815,0.6185,2736333,3335274,,,,,-16.0,3.5,-0.1,0.4092,0.45,3500000,State Panel Polling,850,lv,nonpartisan,mixed,34.4,65.6,US-SEN-KY-2026,US-SEN-KY-2026-D,US-SEN-KY-2026-R,REP,0.3815,0.6185,0.344
2026,LA,Louisiana,2026-11-03,II,DEM nominee LA 2026,REP nominee LA 2026,False,True,0.3646,0.6354,3346975,3882866,,,,,-12.0,3.5,-0.1,1.3353,0.45,3000000,State Panel Polling,850,lv,nonpartisan,mixed,38.73,61.27,US-SEN-LA-2026,US-SEN-LA-2026-D,US-SEN-LA-2026-R,REP,0.3646,0.6354,0.3873
2026,MA,Massachusetts,2026-11-03,II,DEM nominee MA 2026,REP nominee MA 2026,True,False,0.72,0.28,2935388,4694214,,,,,20.0,3.5,-0.1,1.9184,0.45,4900000,State Panel Polling,850,lv,nonpartisan,mixed,69.12,30.88,US-SEN-MA-2026,US-SEN-MA-2026-D,US-SEN-MA-2026-R,DEM,0.72,0.28,0.6912
2026,ME,Maine,2026-11-03,II,DEM nominee ME 2026,REP nominee ME 2026,False,True,0.5752,0.4248,3421361,2903175,,,,,5.0,3.5,-0.1,-1.6496,0.45,1100000,State Panel Polling,850,lv,nonpartisan,mixed,58.53,41.47,US-SEN-ME-2026,US-SEN-ME-2026-D,US-SEN-ME-2026-R,REP,0.5752,0.4248,0.5853
2026,MI,Michigan,2026-11-03,II,DEM nominee MI 2026,REP nominee MI 2026,True,False,0.6244,0.3756,3306973,2789909,,,,,1.0,3.5,-0.1,-0.1892,0.45,7700000,State Panel Polling,850,lv,nonpartisan,mixed,59.01,40.99,US-SEN-MI-2026,US-SEN-MI-2026-D,US-SEN-MI-2026-R,DEM,0.6244,0.3756,0.5901
2026,MN,Minnesota,2026-11-03,II,DEM nominee MN 2026,REP nominee MN 2026,True,False,0.5255,0.4745,3498674,3272183,,,,,2.0,3.5,-0.1,1.3264,0.45,3900000,State Panel Polling,850,lv,nonpartisan,mixed,53.02,46.98,US-SEN-MN-2026,US-SEN-MN-2026-D,US-SEN-MN-2026-R,DEM,0.5255,0.4745,0.5302
2026,MS,Mississippi,2026-11-03,II,DEM nominee MS 2026,REP nominee MS 2026,False,True,0.394,0.606,2920574,3685944,,,,,-10.0,3.5,-0.1,-0.5965,0.45,2000000,State Panel Polling,850,lv,nonpartisan,mixed,38.63,61.37,US-SEN-MS-2026,US-SEN-MS-2026-D,US-SEN-MS-2026-R,REP,0.394,0.606,0.3863
2026,MT,Montana,2026-11-03,II,DEM nominee MT 2026,REP nominee MT 2026,False,True,0.3643,0.6357,3789759,3249996,,,,,-11.0,3.5,-0.1,1.8952,0.45,800000,State Panel Polling,850,lv,nonpartisan,mixed,37.11,62.89,US-SEN-MT-2026,US-SEN-MT-2026-D,US-SEN-MT-2026-R,REP,0.3643,0.6357,0.3711
2026,NC,North Carolina,2026-11-03,II,DEM nominee NC 2026,REP nominee NC 2026,False,True,0.4406,0.5594,3471953,3132605,,,,,-3.0,3.5,-0.1,-0.3092,0.45,7500000,State Panel Polling,850,lv,nonpartisan,mixed,42.32,57.68,US-SEN-NC-2026,US-SEN-NC-2026-D,US-SEN-NC-2026-R,REP,0.4406,0.5594,0.4232
2026,NE,Nebraska,2026-11-03,II,DEM nominee NE 2026,REP nominee NE 2026,False,True,0.3738,0.6262,3512380,4001550,,,,,-13.0,3.5,-0.1,-1.9123,0.45,1300000,State Panel Polling,850,lv,nonpartisan,mixed,33.92,66.08,US-SEN-NE-2026,US-SEN-NE-2026-D,US-SEN-NE-2026-R,REP,0.3738,0.6262,0.3392
2026,NH,New Hampshire,2026-11-03,II,DEM nominee NH 2026,REP nominee NH 2026,True,False,0.5767,0.4233,2863439,3168177,,,,,1.0,3.5,-0.1,-1.7373,0.45,1000000,State Panel Polling,850,lv,nonpartisan,mixed,57.93,42.07,US-SEN-NH-2026,US-SEN-NH-2026-D,US-SEN-NH-2026-R,DEM,0.5767,0.4233,0.5793
2026,NJ,New Jersey,2026-11-03,II,DEM nominee NJ 2026,REP nominee NJ 2026,True,False,0.6525,0.3475,3311592,3505328,,,,,9.0,3.5,-0.1,0.3152,0.45,6500000,State Panel Polling,850,lv,nonpartisan,mixed,65.61,34.39,US-SEN-NJ-2026,US-SEN-NJ-2026-D,US-SEN-NJ-2026-R,DEM,0.6525,0.3475,0.6561
2026,NM,New Mexico,2026-11-03,II,DEM nominee NM 2026,REP nominee NM 2026,True,False,0.5845,0.4155,3240836,3026693,,,,,5.0,3.5,-0.1,0.5565,0.45,1400000,State Panel Polling,850,lv,nonpartisan,mixed,57.78,42.22,US-SEN-NM-2026,US-SEN-NM-2026-D,US-SEN-NM-2026-R,DEM,0.5845,0.4155,0.5778
2026,OK,Oklahoma,2026-11-03,II,DEM nominee OK 2026,REP nominee OK 2026,False,True,0.3,0.7,4887666,4115903,,,,,-20.0,3.5,-0.1,1.8529,0.45,2300000,State Panel Polling,850,lv,nonpartisan,mixed,30.72,69.28,US-SEN-OK-2026,US-SEN-OK-2026-D,US-SEN-OK-2026-R,REP,0.3,0.7,0.3072
2026,OR,Oregon,2026-11-03,II,DEM nominee OR 2026,REP nominee OR 2026,True,False,0.6255,0.3745,2926612,2905375,,,,,9.0,3.5,-0.1,1.7605,0.45,3000000,State Panel Polling,850,lv,nonpartisan,mixed,61.6,38.4,US-SEN-OR-2026,US-SEN-OR-2026-D,US-SEN-OR-2026-R,DEM,0.6255,0.3745,0.616
2026,RI,Rhode Island,2026-11-03,II,DEM nominee RI 2026,REP nominee RI 2026,True,False,0.72,0.28,3432472,4039446,,,,,14.0,3.5,-0.1,-1.0762,0.45,800000,State Panel Polling,850,lv,nonpartisan,mixed,70.64,29.36,US-SEN-RI-2026,US-SEN-RI-2026-D,US-SEN-RI-2026-R,DEM,0.72,0.28,0.7064
2026,SC,South Carolina,2026-11-03,II,DEM nominee SC 2026,REP nominee SC 2026,False,True,0.4238,0.5762,3203160,2718737,,,,,-8.0,3.5,-0.1,-1.4805,0.45,3700000,State Panel Polling,850,lv,nonpartisan,mixed,41.71,58.29,US-SEN-SC-2026,US-SEN-SC-2026-D,US-SEN-SC-2026-R,REP,0.4238,0.5762,0.4171
2026,SD,South Dakota,2026-11-03,II,DEM nominee SD 2026,REP nominee SD 2026,False,True,0.3652,0.6348,3487295,3901431,,,,,-12.0,3.5,-0.1,1.9532,0.45,600000,State Panel Polling,850,lv,nonpartisan,mixed,40.87,59.13,US-SEN-SD-2026,US-SEN-SD-2026-D,US-SEN-SD-2026-R,REP,0.3652,0.6348,0.4087
2026,TN,Tennessee,2026-11-03,II,DEM nominee TN 2026,REP nominee TN 2026,False,True,0.3635,0.6365,2957436,3241264,,,,,-13.0,3.5,-0.1,0.9406,0.45,4500000,State Panel Polling,850,lv,nonpartisan,mixed,40.32,59.68,US-SEN-TN-2026,US-SEN-TN-2026-D,US-SEN-TN-2026-R,REP,0.3635,0.6365,0.4032
2026,TX,Texas,2026-11-03,II,DEM nominee TX 2026,REP nominee TX 2026,False,True,0.4529,0.5471,3307909,2833181,,,,,-5.0,3.5,-0.1,-1.7362,0.45,17000000,State Panel Polling,850,lv,nonpartisan,mixed,40.5,59.5,US-SEN-TX-2026,US-SEN-TX-2026-D,US-SEN-TX-2026-R,REP,0.4529,0.5471,0.405
2026,VA,Virginia,2026-11-03,II,DEM nominee VA 2026,REP nominee VA 2026,True,False,0.6005,0.3995,2758761,2647286,,,,,3.0,3.5,-0.1,-0.9571,0.45,6000000,State Panel Polling,850,lv,nonpartisan,mixed,56.35,43.65,US-SEN-VA-2026,US-SEN-VA-2026-D,US-SEN-VA-2026-R,DEM,0.6005,0.3995,0.5635
2026,WV,West Virginia,2026-11-03,II,DEM nominee WV 2026,REP nominee WV 2026,True,False,0.3,0.7,4350411,4015392,,,,,-25.0,3.5,-0.1,1.0767,0.45,1300000,State Panel Polling,850,lv,nonpartisan,mixed,30.0,70.0,US-SEN-WV-2026,US-SEN-WV-2026-D,US-SEN-WV-2026-R,DEM,0.3,0.7,0.3
2026,WY,Wyoming,2026-11-03,II,DEM nominee WY 2026,REP nominee WY 2026,False,True,0.3,0.7,4217063,3407613,,,,,-25.0,3.5,-0.1,1.1704,0.45,290000,State Panel Polling,850,lv,nonpartisan,mixed,30.55,69.45,US-SEN-WY-2026,US-SEN-WY-2026-D,US-SEN-WY-2026-R,REP,0.3,0.7,0.3055
